guid,title,link,journal,pubDate,score,reasons,matched_themes,scored_at,topic
https://www.sciencedirect.com/science/article/pii/S0883292726002179,"Soil geochemical patterns in Lesvos island UNESCO Global Geopark, Greece: Unveiling the influence of diverse geology",https://www.sciencedirect.com/science/article/pii/S0883292726002179?dgcid=rss_sd_all,Applied Geochemistry,,7,Geothermal water geochemistry study relevant to secondary research interests.,"geothermal hydrogeochem,soil/atm study",2026-05-21T04:14:57.706068+00:00,
https://www.sciencedirect.com/science/article/pii/S0883292726001897,"An exploration of groundwater chromium contamination from a chromite mine, Sukinda, India",https://www.sciencedirect.com/science/article/pii/S0883292726001897?dgcid=rss_sd_all,Applied Geochemistry,,6,Groundwater redox geochemistry study with thematic adjacency to core research.,"redox geochemistry,shallow/general groundwater,deep subsurface microbial",2026-05-21T04:14:57.706068+00:00,
https://www.sciencedirect.com/science/article/pii/S0883292726001927,Environmental impact assessment of seal water systems during construction of rock cavern tanks at the Namikata National LPG stockpiling base: Characterization of scale deposition using scale surveys and column flow tests,https://www.sciencedirect.com/science/article/pii/S0883292726001927?dgcid=rss_sd_all,Applied Geochemistry,,9,Deep groundwater isotope hydrogeochemistry study closely matching core research interests.,"deep groundwater,isotope methods,surface water",2026-05-21T04:14:57.706068+00:00,
https://www.sciencedirect.com/science/article/pii/S0883292726002131,"Polyphase of uranium mineralization in granite-related deposits: Insights from the geochronology and geochemistry of pitchblende and coffinite in the Xiwang uranium deposit, South China",https://www.sciencedirect.com/science/article/pii/S0883292726002131?dgcid=rss_sd_all,Applied Geochemistry,,7,Geothermal water geochemistry study relevant to secondary research interests.,"geothermal hydrogeochem,radionuclide geochemistry",2026-05-21T04:14:57.706068+00:00,
https://www.sciencedirect.com/science/article/pii/S0883292726001873,Geochemical modeling of CO 2 sequestration via weathering of steel slag: Reactive transport and mineralization dynamics,https://www.sciencedirect.com/science/article/pii/S0883292726001873?dgcid=rss_sd_all,Applied Geochemistry,,3,General geochemistry study with limited relevance to hydrogeochemical or isotope research profile.,general geochemistry,2026-05-21T04:14:57.706068+00:00,
https://www.sciencedirect.com/science/article/pii/S0883292726002106,"Trace metal release induced by chemo-lithotrophic denitrification in deeper aquifers of the Lower Rhine Embayment, Germany",https://www.sciencedirect.com/science/article/pii/S0883292726002106?dgcid=rss_sd_all,Applied Geochemistry,,5,General groundwater geochemistry study with limited isotope or redox content.,shallow/general groundwater,2026-05-21T04:14:57.706068+00:00,
https://www.sciencedirect.com/science/article/pii/S0883292726001885,Monitoring produced waters and groundwaters using strontium isotopes ( 87 Sr/ 86 Sr) at a CO 2 -enhanced oil recovery site in the Permian Basin,https://www.sciencedirect.com/science/article/pii/S0883292726001885?dgcid=rss_sd_all,Applied Geochemistry,,9,Deep groundwater isotope hydrogeochemistry study closely matching core research interests.,"deep groundwater,isotope methods",2026-05-21T04:14:57.706068+00:00,
https://www.sciencedirect.com/science/article/pii/S088329272600212X,Silica enrichment in a low-temperature granite aquifer: Supersaturation in weathering crust vs. enhanced dissolution in deep fractures,https://www.sciencedirect.com/science/article/pii/S088329272600212X?dgcid=rss_sd_all,Applied Geochemistry,,10,Deep groundwater study combining isotope methods with geothermal system.,"deep groundwater,isotope methods,geothermal hydrogeochem",2026-05-21T04:14:57.706068+00:00,
https://www.sciencedirect.com/science/article/pii/S0883292726001812,"7 Be, 210 Pb and 137 Cs in snow deposits on the territory of Altai krai, Novosibirsk and Tomsk oblasts",https://www.sciencedirect.com/science/article/pii/S0883292726001812?dgcid=rss_sd_all,Applied Geochemistry,,7,Radionuclide or HLW-related geochemistry relevant to geological disposal research.,"HLW/radionuclide disposal,radionuclide geochemistry,soil/atm study",2026-05-21T04:14:57.706068+00:00,
https://www.sciencedirect.com/science/article/pii/S0883292726002118,Zinc isotope fractionation during the interaction with different molecular weight fractions of dissolved organic matter,https://www.sciencedirect.com/science/article/pii/S0883292726002118?dgcid=rss_sd_all,Applied Geochemistry,,2,Surface water or marine geochemistry study with no groundwater or isotope hydrogeology relevance.,"isotope methods,surface water",2026-05-21T04:14:57.706068+00:00,
https://www.sciencedirect.com/science/article/pii/S0883292726001903,Defining pedo-geochemical backgrounds in former mining area by reinforcing the soil sampling strategies and advanced geostatistical approaches,https://www.sciencedirect.com/science/article/pii/S0883292726001903?dgcid=rss_sd_all,Applied Geochemistry,,3,General geochemistry study with limited relevance to hydrogeochemical or isotope research profile.,general geochemistry,2026-05-21T04:14:57.706068+00:00,
https://www.sciencedirect.com/science/article/pii/S0883292726002076,Dissolution kinetics of steel slag in ammonium chloride solutions for carbon mineralization: An experimental study and implications for carbon capture and sequestration,https://www.sciencedirect.com/science/article/pii/S0883292726002076?dgcid=rss_sd_all,Applied Geochemistry,,3,General geochemistry study with limited relevance to hydrogeochemical or isotope research profile.,general geochemistry,2026-05-21T04:14:57.706068+00:00,
https://www.sciencedirect.com/science/article/pii/S0883292726002039,Fluoride as a tracer of vertical hydraulic connectivity in volcanic aquifers: Decadal hydrogeochemical response to seismic activity in Tenerife (Canary Islands),https://www.sciencedirect.com/science/article/pii/S0883292726002039?dgcid=rss_sd_all,Applied Geochemistry,,6,Groundwater isotope hydrogeochemistry — methodologically relevant but focuses on shallow systems.,"isotope methods,shallow/general groundwater,NO3/F isotope forensics",2026-05-21T04:14:57.706068+00:00,
https://www.sciencedirect.com/science/article/pii/S0883292726001915,"Geo-engineering materials for simultaneous ammonium and phosphate control: binding capacity, desorption behavior and sediment nutrient release",https://www.sciencedirect.com/science/article/pii/S0883292726001915?dgcid=rss_sd_all,Applied Geochemistry,,2,Surface water or marine geochemistry study with no groundwater or isotope hydrogeology relevance.,surface water,2026-05-21T04:14:57.706068+00:00,
https://www.sciencedirect.com/science/article/pii/S0883292726002088,Nitrogen contents and natural 15 N abundance of proteins in plants and soils: Analytical methods and biogeochemical implications,https://www.sciencedirect.com/science/article/pii/S0883292726002088?dgcid=rss_sd_all,Applied Geochemistry,,2,Soil or atmospheric geochemistry study unrelated to groundwater hydrogeochemistry.,soil/atm study,2026-05-21T04:14:57.706068+00:00,
https://www.sciencedirect.com/science/article/pii/S088329272600209X,Evaluation of geochemical changes in coastal aquifers induced by seawater intrusion and CO 2 leakage using column experiments,https://www.sciencedirect.com/science/article/pii/S088329272600209X?dgcid=rss_sd_all,Applied Geochemistry,,6,Groundwater isotope hydrogeochemistry — methodologically relevant but focuses on shallow systems.,"isotope methods,shallow/general groundwater,surface water,soil/atm study",2026-05-21T04:14:57.706068+00:00,
https://www.sciencedirect.com/science/article/pii/S088329272600185X,Isotopic fingerprints of CO 2 release from low-temperature oxidation of coal tailings using oxygen consumption experiments,https://www.sciencedirect.com/science/article/pii/S088329272600185X?dgcid=rss_sd_all,Applied Geochemistry,,3,General geochemistry study with limited relevance to hydrogeochemical or isotope research profile.,isotope methods,2026-05-21T04:14:57.706068+00:00,
https://www.sciencedirect.com/science/article/pii/S0883292726001939,Direct evidence for enhanced mineral weathering in cropland verified by quantitative X-ray powder diffraction,https://www.sciencedirect.com/science/article/pii/S0883292726001939?dgcid=rss_sd_all,Applied Geochemistry,,3,General geochemistry study with limited relevance to hydrogeochemical or isotope research profile.,general geochemistry,2026-05-21T04:14:57.706068+00:00,
https://www.sciencedirect.com/science/article/pii/S0883292726002064,Subsurface chlorophyll maximum plays a critical role in water column primary productivity in a large reservoir: evidence from high-resolution diel O 2 mass balance,https://www.sciencedirect.com/science/article/pii/S0883292726002064?dgcid=rss_sd_all,Applied Geochemistry,,3,General geochemistry study with limited relevance to hydrogeochemical or isotope research profile.,general geochemistry,2026-05-21T04:14:57.706068+00:00,
https://www.sciencedirect.com/science/article/pii/S0883292726002052,Silicate-bound 3-hydroxy fatty acids in marine sediments: temperature signals and implications,https://www.sciencedirect.com/science/article/pii/S0883292726002052?dgcid=rss_sd_all,Applied Geochemistry,,3,General geochemistry study with limited relevance to hydrogeochemical or isotope research profile.,general geochemistry,2026-05-21T04:14:57.706068+00:00,
https://www.sciencedirect.com/science/article/pii/S0883292726001848,Sustainable River-Basin management under monsoon variability: Spatio-temporal hydrochemistry and water-quality suitability in the Kankai Basin of Nepal Himalaya,https://www.sciencedirect.com/science/article/pii/S0883292726001848?dgcid=rss_sd_all,Applied Geochemistry,,2,Surface water or marine geochemistry study with no groundwater or isotope hydrogeology relevance.,surface water,2026-05-21T04:14:57.706068+00:00,
https://www.sciencedirect.com/science/article/pii/S0883292726002040,Elucidating the origin of sulphate in the Upper Silesian Coal Basin in southern Poland using machine learning clustering and Bayesian mixing model,https://www.sciencedirect.com/science/article/pii/S0883292726002040?dgcid=rss_sd_all,Applied Geochemistry,,6,Machine learning applied to hydrogeochemistry or groundwater quality — relevant to secondary ML interests.,"isotope methods,ML+hydrogeochem",2026-05-21T04:14:57.706068+00:00,
https://www.sciencedirect.com/science/article/pii/S0883292726001824,Characterizing nickel adsorption-desorption on kaolinite,https://www.sciencedirect.com/science/article/pii/S0883292726001824?dgcid=rss_sd_all,Applied Geochemistry,,3,General geochemistry study with limited relevance to hydrogeochemical or isotope research profile.,general geochemistry,2026-05-21T04:14:57.706068+00:00,
https://www.sciencedirect.com/science/article/pii/S088329272600171X,"Use of radiocarbon and stable carbon isotope for evaluating the provenance and cycling of particulate organic carbon in a hyper-eutrophic lake, China",https://www.sciencedirect.com/science/article/pii/S088329272600171X?dgcid=rss_sd_all,Applied Geochemistry,,2,Surface water or marine geochemistry study with no groundwater or isotope hydrogeology relevance.,"isotope methods,surface water",2026-05-21T04:14:57.706068+00:00,
https://www.sciencedirect.com/science/article/pii/S0883292726001575,The vertical distribution and redox-dependent mobilization of arsenic in naturally contaminated karstic paddy soils from southwestern China,https://www.sciencedirect.com/science/article/pii/S0883292726001575?dgcid=rss_sd_all,Applied Geochemistry,,2,Soil or atmospheric geochemistry study unrelated to groundwater hydrogeochemistry.,"redox geochemistry,soil/atm study",2026-05-21T04:14:57.706068+00:00,
https://www.sciencedirect.com/science/article/pii/S0883292726001563,Influence of inundation frequency on soil organic carbon stability in northern China's estuarine wetlands,https://www.sciencedirect.com/science/article/pii/S0883292726001563?dgcid=rss_sd_all,Applied Geochemistry,,2,Surface water or marine geochemistry study with no groundwater or isotope hydrogeology relevance.,"surface water,soil/atm study",2026-05-21T04:14:57.706068+00:00,
https://www.sciencedirect.com/science/article/pii/S0883292726001782,Hydrothermal mobilization of heavy rare earth elements in carbonate-rich systems: Implications from the Arıklı mineralization (NW Türkiye),https://www.sciencedirect.com/science/article/pii/S0883292726001782?dgcid=rss_sd_all,Applied Geochemistry,,3,General geochemistry study with limited relevance to hydrogeochemical or isotope research profile.,general geochemistry,2026-05-21T04:14:57.706068+00:00,
https://www.sciencedirect.com/science/article/pii/S0883292726001721,"Supergene enrichment-dominated gold mineralization in the Phayaung Taung deposit, Myanmar",https://www.sciencedirect.com/science/article/pii/S0883292726001721?dgcid=rss_sd_all,Applied Geochemistry,,3,General geochemistry study with limited relevance to hydrogeochemical or isotope research profile.,general geochemistry,2026-05-21T04:14:57.706068+00:00,
https://www.sciencedirect.com/science/article/pii/S0883292726001551,Comparative evaluation of deep-penetrating geochemistry (DPG) for concealed Au deposit and exploration strategies in semi-arid central China,https://www.sciencedirect.com/science/article/pii/S0883292726001551?dgcid=rss_sd_all,Applied Geochemistry,,3,General geochemistry study with limited relevance to hydrogeochemical or isotope research profile.,general geochemistry,2026-05-21T04:14:57.706068+00:00,
https://www.sciencedirect.com/science/article/pii/S0883292726001587,"Geochemical evolution and therapeutic properties of the Kangbu geothermal springs, Southern Tibet, China",https://www.sciencedirect.com/science/article/pii/S0883292726001587?dgcid=rss_sd_all,Applied Geochemistry,,10,Deep groundwater study combining isotope methods with geothermal system.,"deep groundwater,isotope methods,geothermal hydrogeochem,surface water",2026-05-21T04:14:57.706068+00:00,
https://www.sciencedirect.com/science/article/pii/S0883292726001861,"Hydrothermal processes and their effects in the precipitation, textures and isotopic composition of calcite and anhydrite, Irruputuncu Volcano case study",https://www.sciencedirect.com/science/article/pii/S0883292726001861?dgcid=rss_sd_all,Applied Geochemistry,,8,"Geothermal hydrogeochemistry with isotope methods, closely matching secondary research interests.","isotope methods,geothermal hydrogeochem",2026-05-21T04:14:57.706068+00:00,
https://www.sciencedirect.com/science/article/pii/S0883292726001514,"Quantifying the effects of geogenic contaminated groundwater on water quality of Ulansuhai lake, Hetao Basin, China",https://www.sciencedirect.com/science/article/pii/S0883292726001514?dgcid=rss_sd_all,Applied Geochemistry,,6,Groundwater isotope hydrogeochemistry — methodologically relevant but focuses on shallow systems.,"isotope methods,shallow/general groundwater,surface water",2026-05-21T04:14:57.706068+00:00,
https://www.sciencedirect.com/science/article/pii/S088329272600154X,The occurrence of parent and substituted polycyclic aromatic hydrocarbons in the interconnected river-lake system of Wuhan,https://www.sciencedirect.com/science/article/pii/S088329272600154X?dgcid=rss_sd_all,Applied Geochemistry,,2,Surface water or marine geochemistry study with no groundwater or isotope hydrogeology relevance.,surface water,2026-05-21T04:14:57.706068+00:00,
https://www.sciencedirect.com/science/article/pii/S0883292726001794,Sources and biodegradation potential of naphthenic acids in an oil sands pit-lake,https://www.sciencedirect.com/science/article/pii/S0883292726001794?dgcid=rss_sd_all,Applied Geochemistry,,2,Surface water or marine geochemistry study with no groundwater or isotope hydrogeology relevance.,surface water,2026-05-21T04:14:57.706068+00:00,
https://www.sciencedirect.com/science/article/pii/S0883292726001836,"Geochemical, mineralogical and particle-size controls on origin, transport and storage of sediment-associated metal(loid)s in an acid mine drainage-affected river",https://www.sciencedirect.com/science/article/pii/S0883292726001836?dgcid=rss_sd_all,Applied Geochemistry,,2,Surface water or marine geochemistry study with no groundwater or isotope hydrogeology relevance.,surface water,2026-05-21T04:14:57.706068+00:00,
https://www.sciencedirect.com/science/article/pii/S0883292726001800,"Coupled hydrogeochemical, isotopic, and microclimatic processes driving modern carbonate precipitation in a southwestern Iberian karst system",https://www.sciencedirect.com/science/article/pii/S0883292726001800?dgcid=rss_sd_all,Applied Geochemistry,,3,General geochemistry study with limited relevance to hydrogeochemical or isotope research profile.,isotope methods,2026-05-21T04:14:57.706068+00:00,
https://www.sciencedirect.com/science/article/pii/S0883292726001526,Brillouin spectroscopy as a proxy for fluid inclusion salinity in gypsum: application to brine evolution in a sebkha system,https://www.sciencedirect.com/science/article/pii/S0883292726001526?dgcid=rss_sd_all,Applied Geochemistry,,3,General geochemistry study with limited relevance to hydrogeochemical or isotope research profile.,general geochemistry,2026-05-21T04:14:57.706068+00:00,
https://www.sciencedirect.com/science/article/pii/S0883292726001708,Impact of soil microbial processes on the fate of crude oil contamination: Insights from aerobic and anaerobic microcosms,https://www.sciencedirect.com/science/article/pii/S0883292726001708?dgcid=rss_sd_all,Applied Geochemistry,,3,General geochemistry study with limited relevance to hydrogeochemical or isotope research profile.,general geochemistry,2026-05-21T04:14:57.706068+00:00,
https://www.sciencedirect.com/science/article/pii/S0883292726001617,Rhodamine B degradation through sulfite activation by Vernadite: Kinetics characteristics and reaction mechanism,https://www.sciencedirect.com/science/article/pii/S0883292726001617?dgcid=rss_sd_all,Applied Geochemistry,,3,General geochemistry study with limited relevance to hydrogeochemical or isotope research profile.,general geochemistry,2026-05-21T04:14:57.706068+00:00,
https://www.sciencedirect.com/science/article/pii/S0883292726001770,A novel zirconium oxide gel-based method for measuring phosphate oxygen isotopes in different soil phosphorus pools,https://www.sciencedirect.com/science/article/pii/S0883292726001770?dgcid=rss_sd_all,Applied Geochemistry,,3,General geochemistry study with limited relevance to hydrogeochemical or isotope research profile.,isotope methods,2026-05-21T04:14:57.706068+00:00,
https://www.sciencedirect.com/science/article/pii/S0883292726001605,Methane production dynamics in fluid fine tailings of an oil sand pit lake,https://www.sciencedirect.com/science/article/pii/S0883292726001605?dgcid=rss_sd_all,Applied Geochemistry,,2,Surface water or marine geochemistry study with no groundwater or isotope hydrogeology relevance.,"isotope methods,surface water",2026-05-21T04:14:57.706068+00:00,
https://www.sciencedirect.com/science/article/pii/S0883292726001344,High-pressure adsorption of CO 2 on montmorillonite,https://www.sciencedirect.com/science/article/pii/S0883292726001344?dgcid=rss_sd_all,Applied Geochemistry,,3,General geochemistry study with limited relevance to hydrogeochemical or isotope research profile.,general geochemistry,2026-05-21T04:14:57.706068+00:00,
https://www.sciencedirect.com/science/article/pii/S0883292726001538,Global biogenic isoprene emissions modulated by intensifying warm temperature extremes,https://www.sciencedirect.com/science/article/pii/S0883292726001538?dgcid=rss_sd_all,Applied Geochemistry,,3,General geochemistry study with limited relevance to hydrogeochemical or isotope research profile.,general geochemistry,2026-05-21T04:14:57.706068+00:00,
https://www.sciencedirect.com/science/article/pii/S0883292726001629,Metal contaminant availability in freshly dredged sediments and controlling reactive mineral and organic surfaces,https://www.sciencedirect.com/science/article/pii/S0883292726001629?dgcid=rss_sd_all,Applied Geochemistry,,2,Soil or atmospheric geochemistry study unrelated to groundwater hydrogeochemistry.,soil/atm study,2026-05-21T04:14:57.706068+00:00,
https://www.sciencedirect.com/science/article/pii/S0883292726001484,Modelling of geochemical survey data via self-supervised graph learning and distance-encoding Transformer,https://www.sciencedirect.com/science/article/pii/S0883292726001484?dgcid=rss_sd_all,Applied Geochemistry,,3,General geochemistry study with limited relevance to hydrogeochemical or isotope research profile.,general geochemistry,2026-05-21T04:14:57.706068+00:00,
https://www.sciencedirect.com/science/article/pii/S0883292726001976,Editorial Board,https://www.sciencedirect.com/science/article/pii/S0883292726001976?dgcid=rss_sd_all,Applied Geochemistry,,3,General geochemistry study with limited relevance to hydrogeochemical or isotope research profile.,general geochemistry,2026-05-21T04:14:57.706068+00:00,
https://www.sciencedirect.com/science/article/pii/S0883292726002209,Unveiling metal deposition and source apportionment in sediments of Daya Bay (China) through multiple radionuclide tracing and analytical modelling,https://www.sciencedirect.com/science/article/pii/S0883292726002209?dgcid=rss_sd_all,Applied Geochemistry,,7,Radionuclide or HLW-related geochemistry relevant to geological disposal research.,"HLW/radionuclide disposal,radionuclide geochemistry,surface water",2026-05-21T04:14:57.706068+00:00,
https://www.sciencedirect.com/science/article/pii/S0883292726002143,"A Simple, Field-Compatible Method for Accurate pH Measurement in Hypersaline Brines",https://www.sciencedirect.com/science/article/pii/S0883292726002143?dgcid=rss_sd_all,Applied Geochemistry,,3,General geochemistry study with limited relevance to hydrogeochemical or isotope research profile.,general geochemistry,2026-05-21T04:14:57.706068+00:00,
https://www.sciencedirect.com/science/article/pii/S0009254126002664,Carbonate Associated Sulphate (CAS) in travertines: A useful time capsule for inferring (paleo-) fluid-rock interaction and/or microbial fractionation?,https://www.sciencedirect.com/science/article/pii/S0009254126002664?dgcid=rss_sd_all,Chemical Geology,,8,"Geothermal hydrogeochemistry with isotope methods, closely matching secondary research interests.","isotope methods,geothermal hydrogeochem",2026-05-21T04:14:57.706068+00:00,
https://www.sciencedirect.com/science/article/pii/S0009254126001026,"Estimation of the association constants of rare earth elements in aqueous solutions in STP conditions ( t = 25 ° C , P = 1 b a r ) from their electronegativities and polarizabilities",https://www.sciencedirect.com/science/article/pii/S0009254126001026?dgcid=rss_sd_all,Chemical Geology,,3,General geochemistry study with limited relevance to hydrogeochemical or isotope research profile.,general geochemistry,2026-05-21T04:14:57.706068+00:00,
https://www.sciencedirect.com/science/article/pii/S0009254126002378,Coupled crystallisation and chaotic mixing of basaltic and dacitic magmas under sub-liquidus conditions,https://www.sciencedirect.com/science/article/pii/S0009254126002378?dgcid=rss_sd_all,Chemical Geology,,3,General geochemistry study with limited relevance to hydrogeochemical or isotope research profile.,general geochemistry,2026-05-21T04:14:57.706068+00:00,
https://www.sciencedirect.com/science/article/pii/S0009254126002676,Synergistic effects of pyrite and thiols on hydroxyl radical production during oxygenation,https://www.sciencedirect.com/science/article/pii/S0009254126002676?dgcid=rss_sd_all,Chemical Geology,,3,General geochemistry study with limited relevance to hydrogeochemical or isotope research profile.,redox geochemistry,2026-05-21T04:14:57.706068+00:00,
https://www.sciencedirect.com/science/article/pii/S0009254126002445,Stable Ca and Sr isotope responses to ocean acidification during Oceanic Anoxic Event 2,https://www.sciencedirect.com/science/article/pii/S0009254126002445?dgcid=rss_sd_all,Chemical Geology,,2,Surface water or marine geochemistry study with no groundwater or isotope hydrogeology relevance.,"isotope methods,surface water",2026-05-21T04:14:57.706068+00:00,
https://www.sciencedirect.com/science/article/pii/S0009254126002573,Effects of myo -inositol hexakisphosphate on the Fe(II)-catalyzed transformation of Al-substituted ferrihydrite: A concentration-dependent mechanism and implications for phosphorus geochemical cycling,https://www.sciencedirect.com/science/article/pii/S0009254126002573?dgcid=rss_sd_all,Chemical Geology,,3,General geochemistry study with limited relevance to hydrogeochemical or isotope research profile.,redox geochemistry,2026-05-21T04:14:57.706068+00:00,
https://www.sciencedirect.com/science/article/pii/S0009254126002615,Quantification of sediment redox capacities under different E h conditions by a modified electrochemical method,https://www.sciencedirect.com/science/article/pii/S0009254126002615?dgcid=rss_sd_all,Chemical Geology,,3,General geochemistry study with limited relevance to hydrogeochemical or isotope research profile.,redox geochemistry,2026-05-21T04:14:57.706068+00:00,
https://www.sciencedirect.com/science/article/pii/S0009254126002639,Permian crustal growth in the Chinese Altai orogen: Constraints from Sr-Nd-Hf-O-Mg multi-isotope systematics,https://www.sciencedirect.com/science/article/pii/S0009254126002639?dgcid=rss_sd_all,Chemical Geology,,3,General geochemistry study with limited relevance to hydrogeochemical or isotope research profile.,isotope methods,2026-05-21T04:14:57.706068+00:00,
https://www.sciencedirect.com/science/article/pii/S0009254126002470,Calcium isotopic signatures of mid-ocean ridge basalts from the eastern Galápagos Spreading Center that influenced by plume-ridge interaction,https://www.sciencedirect.com/science/article/pii/S0009254126002470?dgcid=rss_sd_all,Chemical Geology,,2,Surface water or marine geochemistry study with no groundwater or isotope hydrogeology relevance.,surface water,2026-05-21T04:14:57.706068+00:00,
https://www.sciencedirect.com/science/article/pii/S000925412600255X,"Bedrock testing of zircon annealing for detrital provenance studies: Raman and U-Pb analysis in the Adamello batholith (Southern Alps, Italy)",https://www.sciencedirect.com/science/article/pii/S000925412600255X?dgcid=rss_sd_all,Chemical Geology,,3,General geochemistry study with limited relevance to hydrogeochemical or isotope research profile.,general geochemistry,2026-05-21T04:14:57.706068+00:00,
https://www.sciencedirect.com/science/article/pii/S0009254126002421,A daily-weekly-resolved δ 18 O record derived from a modern giant clam shell in the northern South China Sea: Implications for paleoclimate and paleoweather reconstruction,https://www.sciencedirect.com/science/article/pii/S0009254126002421?dgcid=rss_sd_all,Chemical Geology,,2,Surface water or marine geochemistry study with no groundwater or isotope hydrogeology relevance.,"isotope methods,surface water",2026-05-21T04:14:57.706068+00:00,
https://www.sciencedirect.com/science/article/pii/S0009254126002408,"Linear relationships of Gibbs free energy for rare earth element oxide, hydroxide, chloride, fluoride, carbonate, ferrite, and zirconate minerals and crystalline solids",https://www.sciencedirect.com/science/article/pii/S0009254126002408?dgcid=rss_sd_all,Chemical Geology,,3,General geochemistry study with limited relevance to hydrogeochemical or isotope research profile.,general geochemistry,2026-05-21T04:14:57.706068+00:00,
https://www.sciencedirect.com/science/article/pii/S0009254126002469,Granite weathering revealed by magnesium isotopes fractionation: Implications for the flux dynamics and global carbon sink,https://www.sciencedirect.com/science/article/pii/S0009254126002469?dgcid=rss_sd_all,Chemical Geology,,2,Soil or atmospheric geochemistry study unrelated to groundwater hydrogeochemistry.,soil/atm study,2026-05-21T04:14:57.706068+00:00,
https://www.sciencedirect.com/science/article/pii/S0009254126002457,Plastic deformation-induced co-segregation of Au and low-melting-point chalcophile elements along low-angle grain boundaries in pyrite from an epithermal gold deposit,https://www.sciencedirect.com/science/article/pii/S0009254126002457?dgcid=rss_sd_all,Chemical Geology,,7,Geothermal water geochemistry study relevant to secondary research interests.,geothermal hydrogeochem,2026-05-21T04:14:57.706068+00:00,
https://www.sciencedirect.com/science/article/pii/S0009254126001269,Interaction of transition metals with carbonate green rust: Environmental applications and insights into ancient oceans,https://www.sciencedirect.com/science/article/pii/S0009254126001269?dgcid=rss_sd_all,Chemical Geology,,8,"Deep groundwater study focusing on redox geochemistry, directly within core research scope.","deep groundwater,redox geochemistry,surface water",2026-05-21T04:14:57.706068+00:00,
https://www.sciencedirect.com/science/article/pii/S0009254126002433,Assessing the applicability of methods for calculating 234 U recoil loss factor in the comminution age model,https://www.sciencedirect.com/science/article/pii/S0009254126002433?dgcid=rss_sd_all,Chemical Geology,,2,Surface water or marine geochemistry study with no groundwater or isotope hydrogeology relevance.,surface water,2026-05-21T04:14:57.706068+00:00,
https://www.sciencedirect.com/science/article/pii/S000925412600272X,N analysis in nominally N-free silicate minerals and glasses using NanoSIMS,https://www.sciencedirect.com/science/article/pii/S000925412600272X?dgcid=rss_sd_all,Chemical Geology,,3,General geochemistry study with limited relevance to hydrogeochemical or isotope research profile.,general geochemistry,2026-05-21T04:14:57.706068+00:00,
https://www.sciencedirect.com/science/article/pii/S0009254126002718,Xenon isotope composition of the La Palma mantle plume (Canary Islands): assessing upper mantle versus plume mantle source evolution,https://www.sciencedirect.com/science/article/pii/S0009254126002718?dgcid=rss_sd_all,Chemical Geology,,3,General geochemistry study with limited relevance to hydrogeochemical or isotope research profile.,general geochemistry,2026-05-21T04:14:57.706068+00:00,
https://www.sciencedirect.com/science/article/pii/S0009254126002706,Tracing the sources of noble gases for helium prospectivity in the Western Canada Sedimentary Basin,https://www.sciencedirect.com/science/article/pii/S0009254126002706?dgcid=rss_sd_all,Chemical Geology,,9,Deep groundwater isotope hydrogeochemistry study closely matching core research interests.,"deep groundwater,isotope methods",2026-05-21T04:14:57.706068+00:00,
https://www.sciencedirect.com/science/article/pii/S0009254126002603,Kaolinite genesis and the formation of REE ion adsorption deposits,https://www.sciencedirect.com/science/article/pii/S0009254126002603?dgcid=rss_sd_all,Chemical Geology,,3,General geochemistry study with limited relevance to hydrogeochemical or isotope research profile.,isotope methods,2026-05-21T04:14:57.706068+00:00,
https://www.sciencedirect.com/science/article/pii/S000925412600269X,"Phonolite – Carbonate interaction in the Somma-Vesuvius plumbing system: experimental insights into the mechanisms of limestone assimilation, crustal limestone melting and Campanian magma differentiation",https://www.sciencedirect.com/science/article/pii/S000925412600269X?dgcid=rss_sd_all,Chemical Geology,,3,General geochemistry study with limited relevance to hydrogeochemical or isotope research profile.,general geochemistry,2026-05-21T04:14:57.706068+00:00,
https://www.sciencedirect.com/science/article/pii/S0009254126002561,Impact of volcanic volatile releases on Mesozoic terrestrial biotas in northern China,https://www.sciencedirect.com/science/article/pii/S0009254126002561?dgcid=rss_sd_all,Chemical Geology,,3,General geochemistry study with limited relevance to hydrogeochemical or isotope research profile.,general geochemistry,2026-05-21T04:14:57.706068+00:00,
https://www.sciencedirect.com/science/article/pii/S0009254126002627,Arsenopyrite-driven oxidative dissolution of stibnite: pH-dependent ROS effect and antimony transformation,https://www.sciencedirect.com/science/article/pii/S0009254126002627?dgcid=rss_sd_all,Chemical Geology,,3,General geochemistry study with limited relevance to hydrogeochemical or isotope research profile.,redox geochemistry,2026-05-21T04:14:57.706068+00:00,
https://www.sciencedirect.com/science/article/pii/S0009254126002366,"Mineral/melt partitioning of the first-row transition elements, Ga, and Ge during lower-crustal crystallization: Controls on deep metal fractionation in hydrous arcs",https://www.sciencedirect.com/science/article/pii/S0009254126002366?dgcid=rss_sd_all,Chemical Geology,,3,General geochemistry study with limited relevance to hydrogeochemical or isotope research profile.,general geochemistry,2026-05-21T04:14:57.706068+00:00,
https://www.sciencedirect.com/science/article/pii/S0009254126001257,3D phase-field modeling of limestone dissolution process induced by CO 2,https://www.sciencedirect.com/science/article/pii/S0009254126001257?dgcid=rss_sd_all,Chemical Geology,,3,General geochemistry study with limited relevance to hydrogeochemical or isotope research profile.,general geochemistry,2026-05-21T04:14:57.706068+00:00,
https://www.sciencedirect.com/science/article/pii/S000925412600080X,The Sedimentary geochemistry and paleoenvironments project phase 2 data release: An open data resource for the study of Earth's environmental history,https://www.sciencedirect.com/science/article/pii/S000925412600080X?dgcid=rss_sd_all,Chemical Geology,,3,General geochemistry study with limited relevance to hydrogeochemical or isotope research profile.,general geochemistry,2026-05-21T04:14:57.706068+00:00,
https://www.sciencedirect.com/science/article/pii/S0022169426007687,A prompt-guided differentiable physics model for flood forecasting in data-scarce basins,https://www.sciencedirect.com/science/article/pii/S0022169426007687?dgcid=rss_sd_all,Journal of Hydrology,,3,General geochemistry study with limited relevance to hydrogeochemical or isotope research profile.,general geochemistry,2026-05-21T04:14:57.706068+00:00,
https://www.sciencedirect.com/science/article/pii/S002216942600795X,Projected response of global rainfall-induced landslides to future climate change,https://www.sciencedirect.com/science/article/pii/S002216942600795X?dgcid=rss_sd_all,Journal of Hydrology,,3,General geochemistry study with limited relevance to hydrogeochemical or isotope research profile.,general geochemistry,2026-05-21T04:14:57.706068+00:00,
https://www.sciencedirect.com/science/article/pii/S0022169426007869,Microbial carbon pump promotes refractory organic carbon accumulation in karst waters: Coupled responses of bacterial communities and dissolved organic matter under thermal stratification,https://www.sciencedirect.com/science/article/pii/S0022169426007869?dgcid=rss_sd_all,Journal of Hydrology,,3,General geochemistry study with limited relevance to hydrogeochemical or isotope research profile.,general geochemistry,2026-05-21T04:14:57.706068+00:00,
https://www.sciencedirect.com/science/article/pii/S0022169426007808,Neural operator-based multi-objective optimization for spatiotemporal data-informed seepage parameter identification: a case study on deep overburden in a dam foundation,https://www.sciencedirect.com/science/article/pii/S0022169426007808?dgcid=rss_sd_all,Journal of Hydrology,,3,General geochemistry study with limited relevance to hydrogeochemical or isotope research profile.,general geochemistry,2026-05-21T04:14:57.706068+00:00,
https://www.sciencedirect.com/science/article/pii/S0022169426007973,Towards more accurate streamflow and flood prediction via explainable CNN-LSTM: leveraging ERA5 gridded precipitation and hydrological observations through input-architecture co-design,https://www.sciencedirect.com/science/article/pii/S0022169426007973?dgcid=rss_sd_all,Journal of Hydrology,,2,Surface water or marine geochemistry study with no groundwater or isotope hydrogeology relevance.,surface water,2026-05-21T04:14:57.706068+00:00,
https://www.sciencedirect.com/science/article/pii/S0022169426007961,"Modifying the WRF-Noah irrigation representation to simulate regional climate effects of irrigation over the humid middle-lower Yangtze Plain, China",https://www.sciencedirect.com/science/article/pii/S0022169426007961?dgcid=rss_sd_all,Journal of Hydrology,,3,General geochemistry study with limited relevance to hydrogeochemical or isotope research profile.,general geochemistry,2026-05-21T04:14:57.706068+00:00,
https://www.sciencedirect.com/science/article/pii/S0022169426007705,Sediment hysteresis loop variability in watersheds during rainfall-runoff erosion: effects of internal watershed controls revealed by process-based modeling,https://www.sciencedirect.com/science/article/pii/S0022169426007705?dgcid=rss_sd_all,Journal of Hydrology,,3,General geochemistry study with limited relevance to hydrogeochemical or isotope research profile.,general geochemistry,2026-05-21T04:14:57.706068+00:00,
https://www.sciencedirect.com/science/article/pii/S0022169426007560,Enhancing understanding of vegetation responses to flash droughts: the need for high-temporal-resolution monitoring data,https://www.sciencedirect.com/science/article/pii/S0022169426007560?dgcid=rss_sd_all,Journal of Hydrology,,3,General geochemistry study with limited relevance to hydrogeochemical or isotope research profile.,general geochemistry,2026-05-21T04:14:57.706068+00:00,
https://www.sciencedirect.com/science/article/pii/S0022169426006669,Capturing temporal shifts in forest soil-atmosphere feedbacks: evidence from a Mediterranean catchment,https://www.sciencedirect.com/science/article/pii/S0022169426006669?dgcid=rss_sd_all,Journal of Hydrology,,2,Soil or atmospheric geochemistry study unrelated to groundwater hydrogeochemistry.,soil/atm study,2026-05-21T04:14:57.706068+00:00,
https://www.sciencedirect.com/science/article/pii/S0022169426007596,Scale-aware triple collocation: optimizing spatiotemporal windows for enhanced multi-source fusion of meteorological data,https://www.sciencedirect.com/science/article/pii/S0022169426007596?dgcid=rss_sd_all,Journal of Hydrology,,2,Surface water or marine geochemistry study with no groundwater or isotope hydrogeology relevance.,surface water,2026-05-21T04:14:57.706068+00:00,
https://www.sciencedirect.com/science/article/pii/S002216942600764X,Integrating hydraulic processes and graph neural networks for event-scale river morphodynamics,https://www.sciencedirect.com/science/article/pii/S002216942600764X?dgcid=rss_sd_all,Journal of Hydrology,,2,Surface water or marine geochemistry study with no groundwater or isotope hydrogeology relevance.,surface water,2026-05-21T04:14:57.706068+00:00,
https://www.sciencedirect.com/science/article/pii/S0022169426007742,Land use and rainfall drive riverine DOM source dynamics: Insights from spectroscopic and stable carbon isotope analyses,https://www.sciencedirect.com/science/article/pii/S0022169426007742?dgcid=rss_sd_all,Journal of Hydrology,,2,Surface water or marine geochemistry study with no groundwater or isotope hydrogeology relevance.,"isotope methods,surface water",2026-05-21T04:14:57.706068+00:00,
https://www.sciencedirect.com/science/article/pii/S0022169426007729,Partitioning nighttime sap flux into transpiration and stem refilling: Towards improved baselining and sap flux interpretation,https://www.sciencedirect.com/science/article/pii/S0022169426007729?dgcid=rss_sd_all,Journal of Hydrology,,3,General geochemistry study with limited relevance to hydrogeochemical or isotope research profile.,general geochemistry,2026-05-21T04:14:57.706068+00:00,
https://www.sciencedirect.com/science/article/pii/S0022169426007638,CWN-Net: a precise segmentation model for composite water networks using multi-source and multi-temporal remote sensing imagery,https://www.sciencedirect.com/science/article/pii/S0022169426007638?dgcid=rss_sd_all,Journal of Hydrology,,3,General geochemistry study with limited relevance to hydrogeochemical or isotope research profile.,general geochemistry,2026-05-21T04:14:57.706068+00:00,
https://www.sciencedirect.com/science/article/pii/S0022169426007183,Wetlands as a critical water source for local and downwind ecosystems and societies over China through atmospheric moisture transport,https://www.sciencedirect.com/science/article/pii/S0022169426007183?dgcid=rss_sd_all,Journal of Hydrology,,2,Surface water or marine geochemistry study with no groundwater or isotope hydrogeology relevance.,surface water,2026-05-21T04:14:57.706068+00:00,
https://www.sciencedirect.com/science/article/pii/S0022169426007675,Mamba-enhanced multi-scale state space model for robust runoff prediction under data-scarce conditions across climatic zones,https://www.sciencedirect.com/science/article/pii/S0022169426007675?dgcid=rss_sd_all,Journal of Hydrology,,2,Surface water or marine geochemistry study with no groundwater or isotope hydrogeology relevance.,surface water,2026-05-21T04:14:57.706068+00:00,
https://www.sciencedirect.com/science/article/pii/S002216942600747X,Multi-scale spatiotempral characterization and trend analysis of meteorological and geographical characteristics of drought in India’s arid and semi-arid regions,https://www.sciencedirect.com/science/article/pii/S002216942600747X?dgcid=rss_sd_all,Journal of Hydrology,,3,General geochemistry study with limited relevance to hydrogeochemical or isotope research profile.,general geochemistry,2026-05-21T04:14:57.706068+00:00,
https://www.sciencedirect.com/science/article/pii/S0022169426007584,Evaluating precipitation forecasts from the TIGGE via fuzzy mathematics from the perspective of hydrological research,https://www.sciencedirect.com/science/article/pii/S0022169426007584?dgcid=rss_sd_all,Journal of Hydrology,,3,General geochemistry study with limited relevance to hydrogeochemical or isotope research profile.,general geochemistry,2026-05-21T04:14:57.706068+00:00,
https://www.sciencedirect.com/science/article/pii/S0022169426007699,Process guided graph-based transformer learning for streamflow predictions in data-sparse river basins,https://www.sciencedirect.com/science/article/pii/S0022169426007699?dgcid=rss_sd_all,Journal of Hydrology,,2,Surface water or marine geochemistry study with no groundwater or isotope hydrogeology relevance.,surface water,2026-05-21T04:14:57.706068+00:00,
https://www.sciencedirect.com/science/article/pii/S0022169426007559,Understanding of deep groundwater age characteristics in the Yangtze River Delta through the combined use of 14 C and 81 Kr,https://www.sciencedirect.com/science/article/pii/S0022169426007559?dgcid=rss_sd_all,Journal of Hydrology,,9,Deep groundwater isotope hydrogeochemistry study closely matching core research interests.,"deep groundwater,isotope methods,surface water",2026-05-21T04:14:57.706068+00:00,
https://www.sciencedirect.com/science/article/pii/S0022169426007389,"From sources to risks: A multi-method approach to groundwater hydrogeochemical evolution in the Hotan Oasis of arid inland river basin, Northwest China",https://www.sciencedirect.com/science/article/pii/S0022169426007389?dgcid=rss_sd_all,Journal of Hydrology,,6,Groundwater isotope hydrogeochemistry — methodologically relevant but focuses on shallow systems.,"isotope methods,shallow/general groundwater,ML+hydrogeochem,NO3/F isotope forensics,surface water",2026-05-21T04:14:57.706068+00:00,
https://www.sciencedirect.com/science/article/pii/S0022169426005998,Deep learning-based adaptive multi-resolution characterization of CO 2 storage sites from monitoring data,https://www.sciencedirect.com/science/article/pii/S0022169426005998?dgcid=rss_sd_all,Journal of Hydrology,,3,General geochemistry study with limited relevance to hydrogeochemical or isotope research profile.,general geochemistry,2026-05-21T04:14:57.706068+00:00,
https://www.sciencedirect.com/science/article/pii/S002216942600689X,Prediction of urban stormwater runoff quality in data-deficient areas using a semi-supervised machine learning framework,https://www.sciencedirect.com/science/article/pii/S002216942600689X?dgcid=rss_sd_all,Journal of Hydrology,,6,Machine learning applied to hydrogeochemistry or groundwater quality — relevant to secondary ML interests.,ML+hydrogeochem,2026-05-21T04:14:57.706068+00:00,
https://www.sciencedirect.com/science/article/pii/S0022169426007614,Declining precipitation frequency may increase vegetation recovery time following extreme drought,https://www.sciencedirect.com/science/article/pii/S0022169426007614?dgcid=rss_sd_all,Journal of Hydrology,,3,General geochemistry study with limited relevance to hydrogeochemical or isotope research profile.,general geochemistry,2026-05-21T04:14:57.706068+00:00,
https://www.sciencedirect.com/science/article/pii/S0022169426007602,Deep learning error post-processing improves stochastic watershed modeling,https://www.sciencedirect.com/science/article/pii/S0022169426007602?dgcid=rss_sd_all,Journal of Hydrology,,3,General geochemistry study with limited relevance to hydrogeochemical or isotope research profile.,redox geochemistry,2026-05-21T04:14:57.706068+00:00,
https://www.sciencedirect.com/science/article/pii/S0022169426007481,Emerging global risks of extreme rain-on-snow events under climate warming,https://www.sciencedirect.com/science/article/pii/S0022169426007481?dgcid=rss_sd_all,Journal of Hydrology,,3,General geochemistry study with limited relevance to hydrogeochemical or isotope research profile.,general geochemistry,2026-05-21T04:14:57.706068+00:00,
https://www.sciencedirect.com/science/article/pii/S0022169426007158,Computer vision-based monitoring of stormwater discharge: proof-of-concept for stage measurements,https://www.sciencedirect.com/science/article/pii/S0022169426007158?dgcid=rss_sd_all,Journal of Hydrology,,3,General geochemistry study with limited relevance to hydrogeochemical or isotope research profile.,general geochemistry,2026-05-21T04:14:57.706068+00:00,
https://www.sciencedirect.com/science/article/pii/S0022169426007717,Study on water infiltration characteristics of surface cracks in shallow-buried tunnels in loess tableland areas,https://www.sciencedirect.com/science/article/pii/S0022169426007717?dgcid=rss_sd_all,Journal of Hydrology,,7,Deep groundwater hydrogeochemistry study with relevant overlap to core research focus.,deep groundwater,2026-05-21T04:14:57.706068+00:00,
https://www.sciencedirect.com/science/article/pii/S0022169426007432,The hidden buffering: How carbonate geology and sediments suppress CO 2 emissions from reservoirs,https://www.sciencedirect.com/science/article/pii/S0022169426007432?dgcid=rss_sd_all,Journal of Hydrology,,2,Surface water or marine geochemistry study with no groundwater or isotope hydrogeology relevance.,"isotope methods,surface water",2026-05-21T04:14:57.706068+00:00,
https://www.sciencedirect.com/science/article/pii/S0022169426006992,"An end-to-end differentiable, graph neural network-embedded pore network model for permeability prediction",https://www.sciencedirect.com/science/article/pii/S0022169426006992?dgcid=rss_sd_all,Journal of Hydrology,,3,General geochemistry study with limited relevance to hydrogeochemical or isotope research profile.,general geochemistry,2026-05-21T04:14:57.706068+00:00,
https://www.sciencedirect.com/science/article/pii/S0022169426007407,Unraveling water sources and groundwater discharge in Mu Us Desert lakes using coupled 222 Rn- 2 H- 18 O and hydrochemical tracers,https://www.sciencedirect.com/science/article/pii/S0022169426007407?dgcid=rss_sd_all,Journal of Hydrology,,6,Groundwater isotope hydrogeochemistry — methodologically relevant but focuses on shallow systems.,"isotope methods,shallow/general groundwater,surface water",2026-05-21T04:14:57.706068+00:00,
https://www.sciencedirect.com/science/article/pii/S0022169426007572,Simulating sub-daily rainfall time series in the absence of sub-daily observations,https://www.sciencedirect.com/science/article/pii/S0022169426007572?dgcid=rss_sd_all,Journal of Hydrology,,2,Surface water or marine geochemistry study with no groundwater or isotope hydrogeology relevance.,surface water,2026-05-21T04:14:57.706068+00:00,
https://www.sciencedirect.com/science/article/pii/S0022169426006517,Multimodal deep-learning–driven water-quality forecasting and scenario assessment: shifting from reactive monitoring to proactive basin management,https://www.sciencedirect.com/science/article/pii/S0022169426006517?dgcid=rss_sd_all,Journal of Hydrology,,2,Surface water or marine geochemistry study with no groundwater or isotope hydrogeology relevance.,surface water,2026-05-21T04:14:57.706068+00:00,
https://www.sciencedirect.com/science/article/pii/S0022169426007146,An L-moments-based hypothesis test to identify homogeneous storm transposition regions,https://www.sciencedirect.com/science/article/pii/S0022169426007146?dgcid=rss_sd_all,Journal of Hydrology,,3,General geochemistry study with limited relevance to hydrogeochemical or isotope research profile.,general geochemistry,2026-05-21T04:14:57.706068+00:00,
https://www.sciencedirect.com/science/article/pii/S0022169426007018,A novel multi-link approach to drought propagation analysis using modified dynamic time warping,https://www.sciencedirect.com/science/article/pii/S0022169426007018?dgcid=rss_sd_all,Journal of Hydrology,,3,General geochemistry study with limited relevance to hydrogeochemical or isotope research profile.,general geochemistry,2026-05-21T04:14:57.706068+00:00,
https://www.sciencedirect.com/science/article/pii/S0022169426007456,Analytical solution for a slug test in an unconfined aquifer with mixed wellbore boundary conditions,https://www.sciencedirect.com/science/article/pii/S0022169426007456?dgcid=rss_sd_all,Journal of Hydrology,,7,Deep groundwater hydrogeochemistry study with relevant overlap to core research focus.,deep groundwater,2026-05-21T04:14:57.706068+00:00,
https://www.sciencedirect.com/science/article/pii/S0022169426007390,A multi-AI framework for accurate characterization of preferential flow pathways using a field tracer experiment,https://www.sciencedirect.com/science/article/pii/S0022169426007390?dgcid=rss_sd_all,Journal of Hydrology,,6,Groundwater isotope hydrogeochemistry — methodologically relevant but focuses on shallow systems.,"isotope methods,shallow/general groundwater",2026-05-21T04:14:57.706068+00:00,
https://www.sciencedirect.com/science/article/pii/S0022169426006980,Convolutional neural network model for rapid prediction of urban flash flood water depth and velocity maps,https://www.sciencedirect.com/science/article/pii/S0022169426006980?dgcid=rss_sd_all,Journal of Hydrology,,3,General geochemistry study with limited relevance to hydrogeochemical or isotope research profile.,general geochemistry,2026-05-21T04:14:57.706068+00:00,
https://www.sciencedirect.com/science/article/pii/S0022169426007468,Machine learning Identifies the impacts of the Eastern route of the South-to-North water diversion Project on the transformation of dissolved organic matter,https://www.sciencedirect.com/science/article/pii/S0022169426007468?dgcid=rss_sd_all,Journal of Hydrology,,6,Machine learning applied to hydrogeochemistry or groundwater quality — relevant to secondary ML interests.,ML+hydrogeochem,2026-05-21T04:14:57.706068+00:00,
https://www.sciencedirect.com/science/article/pii/S0022169426007225,An explainable physics-aware deep learning framework with improved spatiotemporal dependence matrices and signal decomposition for multi-station uncertainty daily runoff simulation,https://www.sciencedirect.com/science/article/pii/S0022169426007225?dgcid=rss_sd_all,Journal of Hydrology,,2,Surface water or marine geochemistry study with no groundwater or isotope hydrogeology relevance.,surface water,2026-05-21T04:14:57.706068+00:00,
https://www.sciencedirect.com/science/article/pii/S0022169426007055,Unravelling the dynamic settling behaviour of silty sediments in turbulent water,https://www.sciencedirect.com/science/article/pii/S0022169426007055?dgcid=rss_sd_all,Journal of Hydrology,,3,General geochemistry study with limited relevance to hydrogeochemical or isotope research profile.,general geochemistry,2026-05-21T04:14:57.706068+00:00,
https://www.sciencedirect.com/science/article/pii/S0022169426007444,Coordinated regulation of inter-basin water transfer projects and cascade reservoirs incorporating fairness and efficiency,https://www.sciencedirect.com/science/article/pii/S0022169426007444?dgcid=rss_sd_all,Journal of Hydrology,,2,Surface water or marine geochemistry study with no groundwater or isotope hydrogeology relevance.,surface water,2026-05-21T04:14:57.706068+00:00,
https://www.sciencedirect.com/science/article/pii/S0022169426007419,A process-informed multi-parameter downscaling framework for high-resolution source apportionment of riverine nutrients,https://www.sciencedirect.com/science/article/pii/S0022169426007419?dgcid=rss_sd_all,Journal of Hydrology,,3,General geochemistry study with limited relevance to hydrogeochemical or isotope research profile.,general geochemistry,2026-05-21T04:14:57.706068+00:00,
https://www.sciencedirect.com/science/article/pii/S0022169426007110,Rainfall intensity and slope gradient interact to control runoff carbon–nitrogen losses and DOC–TN coupling,https://www.sciencedirect.com/science/article/pii/S0022169426007110?dgcid=rss_sd_all,Journal of Hydrology,,2,Soil or atmospheric geochemistry study unrelated to groundwater hydrogeochemistry.,soil/atm study,2026-05-21T04:14:57.706068+00:00,
https://www.sciencedirect.com/science/article/pii/S0022169426007420,The processes and impacts of drought-induced extreme glacier mass loss on the south‐central Tibetan Plateau,https://www.sciencedirect.com/science/article/pii/S0022169426007420?dgcid=rss_sd_all,Journal of Hydrology,,2,Surface water or marine geochemistry study with no groundwater or isotope hydrogeology relevance.,surface water,2026-05-21T04:14:57.706068+00:00,
https://www.sciencedirect.com/science/article/pii/S0022169426007201,Non-stationary drought assessment through integration of rainfall and GRACE-based terrestrial water storage data,https://www.sciencedirect.com/science/article/pii/S0022169426007201?dgcid=rss_sd_all,Journal of Hydrology,,6,Groundwater isotope hydrogeochemistry — methodologically relevant but focuses on shallow systems.,"isotope methods,shallow/general groundwater",2026-05-21T04:14:57.706068+00:00,
https://www.sciencedirect.com/science/article/pii/S0022169426007080,Shifting streamflow regimes in the arctic: a multi-basin analysis using the VIC model,https://www.sciencedirect.com/science/article/pii/S0022169426007080?dgcid=rss_sd_all,Journal of Hydrology,,2,Surface water or marine geochemistry study with no groundwater or isotope hydrogeology relevance.,surface water,2026-05-21T04:14:57.706068+00:00,
https://www.sciencedirect.com/science/article/pii/S0022169426007134,Comparative analysis of JRA-3Q and JRA-55 reanalysis datasets as forcing for land surface model: implications for hydrological processes,https://www.sciencedirect.com/science/article/pii/S0022169426007134?dgcid=rss_sd_all,Journal of Hydrology,,3,General geochemistry study with limited relevance to hydrogeochemical or isotope research profile.,general geochemistry,2026-05-21T04:14:57.706068+00:00,
https://www.sciencedirect.com/science/article/pii/S0022169426007031,Event-based runoff-sediment response patterns and their driving mechanisms: a comparative study of typical watersheds on the Chinese Loess Plateau,https://www.sciencedirect.com/science/article/pii/S0022169426007031?dgcid=rss_sd_all,Journal of Hydrology,,3,General geochemistry study with limited relevance to hydrogeochemical or isotope research profile.,general geochemistry,2026-05-21T04:14:57.706068+00:00,
https://www.sciencedirect.com/science/article/pii/S0022169426006815,Role of river network information in streamflow prediction using graph wavenet and entity-aware long short-term memory models,https://www.sciencedirect.com/science/article/pii/S0022169426006815?dgcid=rss_sd_all,Journal of Hydrology,,2,Surface water or marine geochemistry study with no groundwater or isotope hydrogeology relevance.,surface water,2026-05-21T04:14:57.706068+00:00,
https://www.sciencedirect.com/science/article/pii/S0022169426007286,Depth-dependent controls on soil saturated hydraulic conductivity in the Loess Plateau,https://www.sciencedirect.com/science/article/pii/S0022169426007286?dgcid=rss_sd_all,Journal of Hydrology,,3,General geochemistry study with limited relevance to hydrogeochemical or isotope research profile.,general geochemistry,2026-05-21T04:14:57.706068+00:00,
https://www.sciencedirect.com/science/article/pii/S0022169426007298,Simulating and characterising concurrent lateral–vertical saltwater intrusion in low-lying coastal aquifers under pumping and storm-surge forcing,https://www.sciencedirect.com/science/article/pii/S0022169426007298?dgcid=rss_sd_all,Journal of Hydrology,,4,"Mixed surface/groundwater study with general geochemical content, minimal isotope or redox focus.","shallow/general groundwater,surface water",2026-05-21T04:14:57.706068+00:00,
https://www.sciencedirect.com/science/article/pii/S0022169426006931,Insights into hydrological compound dry-hot features using GNSS/GRACE-derived terrestrial water storage and land surface temperature,https://www.sciencedirect.com/science/article/pii/S0022169426006931?dgcid=rss_sd_all,Journal of Hydrology,,2,Surface water or marine geochemistry study with no groundwater or isotope hydrogeology relevance.,surface water,2026-05-21T04:14:57.706068+00:00,
https://www.sciencedirect.com/science/article/pii/S0022169426007274,Arsenic cycling driven by hydrogeochemical-tidal coupling in a sandy subterranean estuary,https://www.sciencedirect.com/science/article/pii/S0022169426007274?dgcid=rss_sd_all,Journal of Hydrology,,6,Groundwater redox geochemistry study with thematic adjacency to core research.,"redox geochemistry,shallow/general groundwater,surface water",2026-05-21T04:14:57.706068+00:00,
https://www.sciencedirect.com/science/article/pii/S0022169426007249,Effects of temporary streamflow interruption on hyporheic oxygen dynamics,https://www.sciencedirect.com/science/article/pii/S0022169426007249?dgcid=rss_sd_all,Journal of Hydrology,,2,Surface water or marine geochemistry study with no groundwater or isotope hydrogeology relevance.,surface water,2026-05-21T04:14:57.706068+00:00,
https://www.sciencedirect.com/science/article/pii/S0022169426007092,Integrating an improved SWAT model and geochemical constraints to assess climate change impacts on hydrological processes and extremes in mixed karst and non-karst basin,https://www.sciencedirect.com/science/article/pii/S0022169426007092?dgcid=rss_sd_all,Journal of Hydrology,,6,Groundwater isotope hydrogeochemistry — methodologically relevant but focuses on shallow systems.,"isotope methods,shallow/general groundwater,ML+hydrogeochem,surface water",2026-05-21T04:14:57.706068+00:00,
https://www.sciencedirect.com/science/article/pii/S0022169426006839,Driving factors of urban reclaimed water development in water-environment-sensitive regions: Coupled causal inference with double machine learning and causal forest,https://www.sciencedirect.com/science/article/pii/S0022169426006839?dgcid=rss_sd_all,Journal of Hydrology,,3,General geochemistry study with limited relevance to hydrogeochemical or isotope research profile.,general geochemistry,2026-05-21T04:14:57.706068+00:00,
https://www.sciencedirect.com/science/article/pii/S0022169426006736,G2Lcast: A global-to-local adversarial network for high-fidelity precipitation nowcasting,https://www.sciencedirect.com/science/article/pii/S0022169426006736?dgcid=rss_sd_all,Journal of Hydrology,,3,General geochemistry study with limited relevance to hydrogeochemical or isotope research profile.,general geochemistry,2026-05-21T04:14:57.706068+00:00,
https://www.sciencedirect.com/science/article/pii/S0022169426006591,Simultaneous calibration of hydraulic head and deformation data for characterizing vertical aquitard heterogeneity via geostatistical inverse modeling,https://www.sciencedirect.com/science/article/pii/S0022169426006591?dgcid=rss_sd_all,Journal of Hydrology,,6,Groundwater isotope hydrogeochemistry — methodologically relevant but focuses on shallow systems.,"isotope methods,shallow/general groundwater",2026-05-21T04:14:57.706068+00:00,
https://www.sciencedirect.com/science/article/pii/S0022169426006803,Multiscale discrete fracture-matrix method for simulating groundwater flow in fractured geological media,https://www.sciencedirect.com/science/article/pii/S0022169426006803?dgcid=rss_sd_all,Journal of Hydrology,,7,Deep groundwater hydrogeochemistry study with relevant overlap to core research focus.,deep groundwater,2026-05-21T04:14:57.706068+00:00,
https://www.sciencedirect.com/science/article/pii/S0022169426006360,From puddles to lakes: hydrological and colloidal controls on element transport in peatland surface waters,https://www.sciencedirect.com/science/article/pii/S0022169426006360?dgcid=rss_sd_all,Journal of Hydrology,,4,"Mixed surface/groundwater study with general geochemical content, minimal isotope or redox focus.","shallow/general groundwater,surface water",2026-05-21T04:14:57.706068+00:00,
https://www.sciencedirect.com/science/article/pii/S0022169426006876,Integrating multi-isotope fingerprinting with machine-learning-informed Bayesian mixing reveals agricultural dominance of phosphorus sources in a River basin,https://www.sciencedirect.com/science/article/pii/S0022169426006876?dgcid=rss_sd_all,Journal of Hydrology,,2,Surface water or marine geochemistry study with no groundwater or isotope hydrogeology relevance.,"isotope methods,surface water",2026-05-21T04:14:57.706068+00:00,
https://www.sciencedirect.com/science/article/pii/S0022169426007171,Daily stream water temperature modeling and forecasting for ungaged watersheds at the CONUS scale,https://www.sciencedirect.com/science/article/pii/S0022169426007171?dgcid=rss_sd_all,Journal of Hydrology,,2,Surface water or marine geochemistry study with no groundwater or isotope hydrogeology relevance.,surface water,2026-05-21T04:14:57.706068+00:00,
https://www.sciencedirect.com/science/article/pii/S002216942600702X,"Hundred-year changes in water and sediment in the Inner Mongolia reach of the Yellow River: trend transitions, driving mechanisms, and attribution quantification",https://www.sciencedirect.com/science/article/pii/S002216942600702X?dgcid=rss_sd_all,Journal of Hydrology,,2,Surface water or marine geochemistry study with no groundwater or isotope hydrogeology relevance.,surface water,2026-05-21T04:14:57.706068+00:00,
https://www.sciencedirect.com/science/article/pii/S0022169426007067,Improving extreme runoff simulation with spatially optimized Fengyun satellite precipitation,https://www.sciencedirect.com/science/article/pii/S0022169426007067?dgcid=rss_sd_all,Journal of Hydrology,,3,General geochemistry study with limited relevance to hydrogeochemical or isotope research profile.,general geochemistry,2026-05-21T04:14:57.706068+00:00,
https://www.sciencedirect.com/science/article/pii/S0022169426007250,Divergent pattern and trends of water color in global river mouths revealed by decadal Landsat observations,https://www.sciencedirect.com/science/article/pii/S0022169426007250?dgcid=rss_sd_all,Journal of Hydrology,,2,Surface water or marine geochemistry study with no groundwater or isotope hydrogeology relevance.,surface water,2026-05-21T04:14:57.706068+00:00,
https://www.sciencedirect.com/science/article/pii/S0022169426006141,Buffering of perennial flow and differential response of adjacent sub-catchments under a drying climate,https://www.sciencedirect.com/science/article/pii/S0022169426006141?dgcid=rss_sd_all,Journal of Hydrology,,6,Groundwater isotope hydrogeochemistry — methodologically relevant but focuses on shallow systems.,"isotope methods,shallow/general groundwater,surface water",2026-05-21T04:14:57.706068+00:00,
https://www.sciencedirect.com/science/article/pii/S0022169426007262,Interactive effects of vegetation and water regimes on evaporative fraction from two coastal wetland ecosystems,https://www.sciencedirect.com/science/article/pii/S0022169426007262?dgcid=rss_sd_all,Journal of Hydrology,,6,Groundwater isotope hydrogeochemistry — methodologically relevant but focuses on shallow systems.,"isotope methods,shallow/general groundwater,surface water",2026-05-21T04:14:57.706068+00:00,
https://www.sciencedirect.com/science/article/pii/S0022169426007304,"Observation of urban karst flows inform planning, design and construction of green stormwater infrastructure",https://www.sciencedirect.com/science/article/pii/S0022169426007304?dgcid=rss_sd_all,Journal of Hydrology,,3,General geochemistry study with limited relevance to hydrogeochemical or isotope research profile.,general geochemistry,2026-05-21T04:14:57.706068+00:00,
https://www.sciencedirect.com/science/article/pii/S0022169426006943,GRHyMoLAP: A process-driven ODE catchment hydrology model inspired by GR4J and HyMoLAP approaches,https://www.sciencedirect.com/science/article/pii/S0022169426006943?dgcid=rss_sd_all,Journal of Hydrology,,3,General geochemistry study with limited relevance to hydrogeochemical or isotope research profile.,general geochemistry,2026-05-21T04:14:57.706068+00:00,
https://www.sciencedirect.com/science/article/pii/S0022169426007195,Robustness of correlation coefficient-based information criterion for characterizing short- and long-term dependence of hydroclimatic time series,https://www.sciencedirect.com/science/article/pii/S0022169426007195?dgcid=rss_sd_all,Journal of Hydrology,,3,General geochemistry study with limited relevance to hydrogeochemical or isotope research profile.,general geochemistry,2026-05-21T04:14:57.706068+00:00,
https://www.sciencedirect.com/science/article/pii/S0022169426006724,Hybrid-cryo: a modular data-physics hybrid framework for cryospheric runoff simulation,https://www.sciencedirect.com/science/article/pii/S0022169426006724?dgcid=rss_sd_all,Journal of Hydrology,,2,Surface water or marine geochemistry study with no groundwater or isotope hydrogeology relevance.,surface water,2026-05-21T04:14:57.706068+00:00,
https://www.sciencedirect.com/science/article/pii/S0022169426007122,Young water proportion characteristics and influencing factors of large-scale basins: insights from long-term and high-frequency water sampling,https://www.sciencedirect.com/science/article/pii/S0022169426007122?dgcid=rss_sd_all,Journal of Hydrology,,2,Surface water or marine geochemistry study with no groundwater or isotope hydrogeology relevance.,surface water,2026-05-21T04:14:57.706068+00:00,
https://www.sciencedirect.com/science/article/pii/S002216942600692X,Snow phenology-guided regionalization for parameter optimization: enhancing runoff simulation in an alpine basin,https://www.sciencedirect.com/science/article/pii/S002216942600692X?dgcid=rss_sd_all,Journal of Hydrology,,2,Surface water or marine geochemistry study with no groundwater or isotope hydrogeology relevance.,surface water,2026-05-21T04:14:57.706068+00:00,
https://www.sciencedirect.com/science/article/pii/S002216942600716X,Is the Weibull distribution reliable to describe the rainfall kinetic power and momentum in Mediterranean environments?,https://www.sciencedirect.com/science/article/pii/S002216942600716X?dgcid=rss_sd_all,Journal of Hydrology,,3,General geochemistry study with limited relevance to hydrogeochemical or isotope research profile.,general geochemistry,2026-05-21T04:14:57.706068+00:00,
https://www.sciencedirect.com/science/article/pii/S0022169426007109,Threshold responses of diatom community to hydrological changes in an alpine peatland based on long-term (2014–2020) monitoring data,https://www.sciencedirect.com/science/article/pii/S0022169426007109?dgcid=rss_sd_all,Journal of Hydrology,,5,General groundwater geochemistry study with limited isotope or redox content.,shallow/general groundwater,2026-05-21T04:14:57.706068+00:00,
https://www.sciencedirect.com/science/article/pii/S0022169426006888,Unraveling dissolved inorganic nitrogen dynamics in a sandy beach: The role of tidal forces and aquifer heterogeneity,https://www.sciencedirect.com/science/article/pii/S0022169426006888?dgcid=rss_sd_all,Journal of Hydrology,,7,Shallow groundwater isotope and redox geochemistry study with methodological relevance to core research.,"isotope methods,redox geochemistry,shallow/general groundwater,surface water,soil/atm study",2026-05-21T04:14:57.706068+00:00,
https://www.sciencedirect.com/science/article/pii/S0022169426005974,"Systematic evaluation of atmospheric forcing, surface datasets, and mesh effects on kilometer-scale land surface and river modeling",https://www.sciencedirect.com/science/article/pii/S0022169426005974?dgcid=rss_sd_all,Journal of Hydrology,,2,Surface water or marine geochemistry study with no groundwater or isotope hydrogeology relevance.,surface water,2026-05-21T04:14:57.706068+00:00,
https://www.sciencedirect.com/science/article/pii/S0022169426006967,Attributing terrestrial water storage changes on the Tibetan Plateau to climate and human drivers using a hybrid deep learning approach,https://www.sciencedirect.com/science/article/pii/S0022169426006967?dgcid=rss_sd_all,Journal of Hydrology,,3,General geochemistry study with limited relevance to hydrogeochemical or isotope research profile.,general geochemistry,2026-05-21T04:14:57.706068+00:00,
https://www.sciencedirect.com/science/article/pii/S0022169426006906,Storage–supply regulation and rainfall responses driven by thermokarst lakes in permafrost-degrading catchments,https://www.sciencedirect.com/science/article/pii/S0022169426006906?dgcid=rss_sd_all,Journal of Hydrology,,6,Groundwater isotope hydrogeochemistry — methodologically relevant but focuses on shallow systems.,"isotope methods,shallow/general groundwater,surface water",2026-05-21T04:14:57.706068+00:00,
https://www.sciencedirect.com/science/article/pii/S0022169426007043,Threshold responses of runoff-sediment dynamics to hydrological connectivity,https://www.sciencedirect.com/science/article/pii/S0022169426007043?dgcid=rss_sd_all,Journal of Hydrology,,2,Soil or atmospheric geochemistry study unrelated to groundwater hydrogeochemistry.,soil/atm study,2026-05-21T04:14:57.706068+00:00,
https://www.sciencedirect.com/science/article/pii/S0022169426006712,Perception-enhanced bidirectional attention networks for short-term time series forecasting of water level in cascade reservoir system,https://www.sciencedirect.com/science/article/pii/S0022169426006712?dgcid=rss_sd_all,Journal of Hydrology,,2,Surface water or marine geochemistry study with no groundwater or isotope hydrogeology relevance.,surface water,2026-05-21T04:14:57.706068+00:00,
https://www.sciencedirect.com/science/article/pii/S0022169426006761,T-ResUNet: A deep-learning framework for spatiotemporal prediction of granular–fluid dam-break flows,https://www.sciencedirect.com/science/article/pii/S0022169426006761?dgcid=rss_sd_all,Journal of Hydrology,,3,General geochemistry study with limited relevance to hydrogeochemical or isotope research profile.,general geochemistry,2026-05-21T04:14:57.706068+00:00,
https://www.sciencedirect.com/science/article/pii/S0022169426007213,A bias-corrected deep learning-based data assimilation method for riverine bathymetry inversion,https://www.sciencedirect.com/science/article/pii/S0022169426007213?dgcid=rss_sd_all,Journal of Hydrology,,3,General geochemistry study with limited relevance to hydrogeochemical or isotope research profile.,general geochemistry,2026-05-21T04:14:57.706068+00:00,
https://www.sciencedirect.com/science/article/pii/S0022169426007237,"Efficiency of emulsion flooding for the removal of organic pollutants from soils: A pore-scale study on the effects of oil volume fraction, injection flow rate, and wettability",https://www.sciencedirect.com/science/article/pii/S0022169426007237?dgcid=rss_sd_all,Journal of Hydrology,,5,General groundwater geochemistry study with limited isotope or redox content.,shallow/general groundwater,2026-05-21T04:14:57.706068+00:00,
https://www.sciencedirect.com/science/article/pii/S0022169426006323,"Scaling relationships between catchment area and peak discharge across the Fitzroy Basin, eastern Australia",https://www.sciencedirect.com/science/article/pii/S0022169426006323?dgcid=rss_sd_all,Journal of Hydrology,,2,Surface water or marine geochemistry study with no groundwater or isotope hydrogeology relevance.,surface water,2026-05-21T04:14:57.706068+00:00,
https://www.sciencedirect.com/science/article/pii/S0022169426007079,Weight-optimized fusion of satellite precipitation over the Qinghai-Tibet Plateau: Comparison of machine learning approaches,https://www.sciencedirect.com/science/article/pii/S0022169426007079?dgcid=rss_sd_all,Journal of Hydrology,,2,Soil or atmospheric geochemistry study unrelated to groundwater hydrogeochemistry.,soil/atm study,2026-05-21T04:14:57.706068+00:00,
https://www.sciencedirect.com/science/article/pii/S0022169426005937,Combining multiple groundwater hydrograph analyses to characterize aquifer dynamics and drivers in complex hydrogeological settings,https://www.sciencedirect.com/science/article/pii/S0022169426005937?dgcid=rss_sd_all,Journal of Hydrology,,6,Groundwater isotope hydrogeochemistry — methodologically relevant but focuses on shallow systems.,"isotope methods,shallow/general groundwater",2026-05-21T04:14:57.706068+00:00,
https://www.sciencedirect.com/science/article/pii/S0022169426006955,Climatic drying-wetting cycles induced dynamic coupling effect between 3D soil desiccation cracking and moisture redistribution,https://www.sciencedirect.com/science/article/pii/S0022169426006955?dgcid=rss_sd_all,Journal of Hydrology,,3,General geochemistry study with limited relevance to hydrogeochemical or isotope research profile.,general geochemistry,2026-05-21T04:14:57.706068+00:00,
https://www.sciencedirect.com/science/article/pii/S0022169426007006,Physics-informed extreme learning machine with time-marching and random features for unsaturated groundwater flow,https://www.sciencedirect.com/science/article/pii/S0022169426007006?dgcid=rss_sd_all,Journal of Hydrology,,6,Groundwater isotope hydrogeochemistry — methodologically relevant but focuses on shallow systems.,"isotope methods,shallow/general groundwater",2026-05-21T04:14:57.706068+00:00,
https://www.sciencedirect.com/science/article/pii/S0022169426006232,A soil freezing characteristic model considering the tortuous structure and complex distribution of soil pores,https://www.sciencedirect.com/science/article/pii/S0022169426006232?dgcid=rss_sd_all,Journal of Hydrology,,3,General geochemistry study with limited relevance to hydrogeochemical or isotope research profile.,general geochemistry,2026-05-21T04:14:57.706068+00:00,
https://www.sciencedirect.com/science/article/pii/S0022169426006979,Impact of fractal dimensions of rainfall time series on mountain flood forecasting,https://www.sciencedirect.com/science/article/pii/S0022169426006979?dgcid=rss_sd_all,Journal of Hydrology,,3,General geochemistry study with limited relevance to hydrogeochemical or isotope research profile.,general geochemistry,2026-05-21T04:14:57.706068+00:00,
https://www.sciencedirect.com/science/article/pii/S002216942600658X,Including water-salinity stress hysteresis and compensation to empirical root water uptake models,https://www.sciencedirect.com/science/article/pii/S002216942600658X?dgcid=rss_sd_all,Journal of Hydrology,,2,Soil or atmospheric geochemistry study unrelated to groundwater hydrogeochemistry.,soil/atm study,2026-05-21T04:14:57.706068+00:00,
https://www.sciencedirect.com/science/article/pii/S0022169426006852,Quantitative attribution of seasonal runoff variations in the Yellow River Basin under unsteady conditions using a modified Budyko framework,https://www.sciencedirect.com/science/article/pii/S0022169426006852?dgcid=rss_sd_all,Journal of Hydrology,,2,Surface water or marine geochemistry study with no groundwater or isotope hydrogeology relevance.,surface water,2026-05-21T04:14:57.706068+00:00,
https://www.sciencedirect.com/science/article/pii/S0022169426006918,Quantifying hydrological acceleration: A process-based framework and its application in arid regions,https://www.sciencedirect.com/science/article/pii/S0022169426006918?dgcid=rss_sd_all,Journal of Hydrology,,2,Surface water or marine geochemistry study with no groundwater or isotope hydrogeology relevance.,surface water,2026-05-21T04:14:57.706068+00:00,
https://www.sciencedirect.com/science/article/pii/S0022169426006773,Irrigation enhanced nitrification and hydrological partitioning drive groundwater nitrate accumulation in an agricultural irrigation district,https://www.sciencedirect.com/science/article/pii/S0022169426006773?dgcid=rss_sd_all,Journal of Hydrology,,6,Groundwater isotope hydrogeochemistry — methodologically relevant but focuses on shallow systems.,"isotope methods,shallow/general groundwater,NO3/F isotope forensics,surface water",2026-05-21T04:14:57.706068+00:00,
https://www.sciencedirect.com/science/article/pii/S0022169426006359,Reconstruction of soil moisture time series with characterisation of drydown attributes,https://www.sciencedirect.com/science/article/pii/S0022169426006359?dgcid=rss_sd_all,Journal of Hydrology,,3,General geochemistry study with limited relevance to hydrogeochemical or isotope research profile.,general geochemistry,2026-05-21T04:14:57.706068+00:00,
https://www.sciencedirect.com/science/article/pii/S0022169426006578,Characterizing the distribution and flow dynamics of shallow karst fissure-type groundwater in urban environments using multi-geophysical time-lapse monitoring combined with saline tracer tests,https://www.sciencedirect.com/science/article/pii/S0022169426006578?dgcid=rss_sd_all,Journal of Hydrology,,6,Groundwater isotope hydrogeochemistry — methodologically relevant but focuses on shallow systems.,"isotope methods,shallow/general groundwater,NO3/F isotope forensics",2026-05-21T04:14:57.706068+00:00,
https://www.sciencedirect.com/science/article/pii/S0022169426006682,High-Precision baseflow separation in data-scarce regions with machine learning models,https://www.sciencedirect.com/science/article/pii/S0022169426006682?dgcid=rss_sd_all,Journal of Hydrology,,2,Surface water or marine geochemistry study with no groundwater or isotope hydrogeology relevance.,surface water,2026-05-21T04:14:57.706068+00:00,
https://www.sciencedirect.com/science/article/pii/S0022169426006827,Temporal scale dictates the dominant driver of lake dynamics on the Tibetan Plateau,https://www.sciencedirect.com/science/article/pii/S0022169426006827?dgcid=rss_sd_all,Journal of Hydrology,,2,Surface water or marine geochemistry study with no groundwater or isotope hydrogeology relevance.,surface water,2026-05-21T04:14:57.706068+00:00,
https://www.sciencedirect.com/science/article/pii/S0375650526001227,"Hydrogeochemical constraints on the genesis, fluid mixing, and heavy metal mobilization of low-temperature geothermal systems in the Mufushan granite batholith, South China",https://www.sciencedirect.com/science/article/pii/S0375650526001227?dgcid=rss_sd_all,Geothermics,,8,"Geothermal hydrogeochemistry with isotope methods, closely matching secondary research interests.","isotope methods,geothermal hydrogeochem",2026-05-21T04:14:57.706068+00:00,
https://www.sciencedirect.com/science/article/pii/S037565052600132X,Properties of the mid-deep ground source heat pump system with borehole heat exchangers direct heating loop,https://www.sciencedirect.com/science/article/pii/S037565052600132X?dgcid=rss_sd_all,Geothermics,,7,Deep groundwater hydrogeochemistry study with relevant overlap to core research focus.,deep groundwater,2026-05-21T04:14:57.706068+00:00,
https://www.sciencedirect.com/science/article/pii/S0375650526001306,Field-validated thermo-mechanical behavior of energy pile groups in high-altitude regions,https://www.sciencedirect.com/science/article/pii/S0375650526001306?dgcid=rss_sd_all,Geothermics,,3,General geochemistry study with limited relevance to hydrogeochemical or isotope research profile.,general geochemistry,2026-05-21T04:14:57.706068+00:00,
https://www.sciencedirect.com/science/article/pii/S0375650526001239,Possibilities and limitations of two-phase flow CFD modelling for geothermal applications: A literature review,https://www.sciencedirect.com/science/article/pii/S0375650526001239?dgcid=rss_sd_all,Geothermics,,7,Geothermal water geochemistry study relevant to secondary research interests.,geothermal hydrogeochem,2026-05-21T04:14:57.706068+00:00,
https://www.sciencedirect.com/science/article/pii/S0375650526001264,Experimental study on the propagation of double flaws in granite after high temperature cycling under biaxial conditions,https://www.sciencedirect.com/science/article/pii/S0375650526001264?dgcid=rss_sd_all,Geothermics,,3,General geochemistry study with limited relevance to hydrogeochemical or isotope research profile.,general geochemistry,2026-05-21T04:14:57.706068+00:00,
https://www.sciencedirect.com/science/article/pii/S0375650526001240,"Optimizing three-dimensional magnetotelluric modeling for geothermal exploration in Al-Lith, western Saudi Arabia",https://www.sciencedirect.com/science/article/pii/S0375650526001240?dgcid=rss_sd_all,Geothermics,,7,Geothermal water geochemistry study relevant to secondary research interests.,"geothermal hydrogeochem,shallow/general groundwater",2026-05-21T04:14:57.706068+00:00,
https://www.sciencedirect.com/science/article/pii/S0375650526001276,Numerical simulation of thermal plume propagation in shallow aquifers: A case study from Kütahya (Türkiye),https://www.sciencedirect.com/science/article/pii/S0375650526001276?dgcid=rss_sd_all,Geothermics,,7,Geothermal water geochemistry study relevant to secondary research interests.,"geothermal hydrogeochem,shallow/general groundwater",2026-05-21T04:14:57.706068+00:00,
https://www.sciencedirect.com/science/article/pii/S0375650526001252,Compression-shear fracture in thermally treated granite: Multiparameter acoustic emission evidence for power-law behavior and critical evolution,https://www.sciencedirect.com/science/article/pii/S0375650526001252?dgcid=rss_sd_all,Geothermics,,3,General geochemistry study with limited relevance to hydrogeochemical or isotope research profile.,general geochemistry,2026-05-21T04:14:57.706068+00:00,
https://www.sciencedirect.com/science/article/pii/S0375650526001173,Insights on the heterogeneity of thermal transfer in the chalk aquifer using fibre-optic distributed temperature sensing,https://www.sciencedirect.com/science/article/pii/S0375650526001173?dgcid=rss_sd_all,Geothermics,,9,Deep groundwater isotope hydrogeochemistry study closely matching core research interests.,"deep groundwater,isotope methods",2026-05-21T04:14:57.706068+00:00,
https://www.sciencedirect.com/science/article/pii/S0375650526001215,A state-of-the-art review of backfill materials and their influence on ground heat exchanger efficiency in geothermal heat pump systems,https://www.sciencedirect.com/science/article/pii/S0375650526001215?dgcid=rss_sd_all,Geothermics,,3,General geochemistry study with limited relevance to hydrogeochemical or isotope research profile.,general geochemistry,2026-05-21T04:14:57.706068+00:00,
https://www.sciencedirect.com/science/article/pii/S0375650526001197,Reducing uncertainty in standing column well simulation through analytical inversion of deconvolved impulse responses,https://www.sciencedirect.com/science/article/pii/S0375650526001197?dgcid=rss_sd_all,Geothermics,,6,Groundwater redox geochemistry study with thematic adjacency to core research.,"redox geochemistry,shallow/general groundwater",2026-05-21T04:14:57.706068+00:00,
https://www.sciencedirect.com/science/article/pii/S0375650526001203,"Characterization of deep-seated geology and fracture system of the hot dry rock reservoir based on deep boreholes in the Gonghe Basin, northeastern Qinghai-Tibet plateau",https://www.sciencedirect.com/science/article/pii/S0375650526001203?dgcid=rss_sd_all,Geothermics,,9,Deep geothermal water geochemistry study with strong overlap to research profile.,"deep groundwater,geothermal hydrogeochem",2026-05-21T04:14:57.706068+00:00,
https://www.sciencedirect.com/science/article/pii/S0375650526001185,"Magnetotelluric imaging of crustal structure beneath the Gulu geothermal system, Tibetan Plateau: Implication for REE enrichment",https://www.sciencedirect.com/science/article/pii/S0375650526001185?dgcid=rss_sd_all,Geothermics,,7,Geothermal water geochemistry study relevant to secondary research interests.,"geothermal hydrogeochem,shallow/general groundwater",2026-05-21T04:14:57.706068+00:00,
https://www.sciencedirect.com/science/article/pii/S0375650526001021,Application of digital rock physics without segmentation to thermal conductivity estimation of Berea and Shirahama sandstones,https://www.sciencedirect.com/science/article/pii/S0375650526001021?dgcid=rss_sd_all,Geothermics,,3,General geochemistry study with limited relevance to hydrogeochemical or isotope research profile.,general geochemistry,2026-05-21T04:14:57.706068+00:00,
https://www.sciencedirect.com/science/article/pii/S0375650526001148,Thermal performance evaluation of geothermal energy pile using deep learning-based approaches – A comparative study,https://www.sciencedirect.com/science/article/pii/S0375650526001148?dgcid=rss_sd_all,Geothermics,,3,General geochemistry study with limited relevance to hydrogeochemical or isotope research profile.,general geochemistry,2026-05-21T04:14:57.706068+00:00,
https://www.sciencedirect.com/science/article/pii/S037565052600115X,Enhancing Thermal energy storage in ground source heat pumps through phase change material integration: Experimental and numerical study,https://www.sciencedirect.com/science/article/pii/S037565052600115X?dgcid=rss_sd_all,Geothermics,,3,General geochemistry study with limited relevance to hydrogeochemical or isotope research profile.,general geochemistry,2026-05-21T04:14:57.706068+00:00,
https://www.sciencedirect.com/science/article/pii/S0375650526000672,Leveraging 3D seismic data and analogues to reduce uncertainty in the architecture and sedimentary infill of Permo-Carboniferous grabens: Implications for geothermal exploration,https://www.sciencedirect.com/science/article/pii/S0375650526000672?dgcid=rss_sd_all,Geothermics,,3,General geochemistry study with limited relevance to hydrogeochemical or isotope research profile.,general geochemistry,2026-05-21T04:14:57.706068+00:00,
https://www.sciencedirect.com/science/article/pii/S0375650526001057,Experimental study on the influence of confining pressure on borehole bottom rock damage in pneumatic down-the-hole hammer drilling,https://www.sciencedirect.com/science/article/pii/S0375650526001057?dgcid=rss_sd_all,Geothermics,,7,Deep groundwater hydrogeochemistry study with relevant overlap to core research focus.,deep groundwater,2026-05-21T04:14:57.706068+00:00,
https://www.sciencedirect.com/science/article/pii/S0375650526000878,"Integrated geophysical insights into the structural controls on geothermal systems in the Tatun Volcano group, northern Taiwan",https://www.sciencedirect.com/science/article/pii/S0375650526000878?dgcid=rss_sd_all,Geothermics,,7,Geothermal water geochemistry study relevant to secondary research interests.,geothermal hydrogeochem,2026-05-21T04:14:57.706068+00:00,
https://www.sciencedirect.com/science/article/pii/S0375650526001033,Solar-assisted borehole thermal energy storage coupled with heat pump for livestock buildings: results from a full-scale installation,https://www.sciencedirect.com/science/article/pii/S0375650526001033?dgcid=rss_sd_all,Geothermics,,6,Groundwater isotope hydrogeochemistry — methodologically relevant but focuses on shallow systems.,"isotope methods,shallow/general groundwater",2026-05-21T04:14:57.706068+00:00,
https://www.sciencedirect.com/science/article/pii/S0375650526001136,Mineral and geochemical evolution of granite under thermo-hydro-chemical (THC) coupled reactions with acidic geothermal water in the Qinghai-Tibet plateau,https://www.sciencedirect.com/science/article/pii/S0375650526001136?dgcid=rss_sd_all,Geothermics,,7,Geothermal water geochemistry study relevant to secondary research interests.,geothermal hydrogeochem,2026-05-21T04:14:57.706068+00:00,
https://www.sciencedirect.com/science/article/pii/S0375650526001069,"Quantitative assessment of fluoride enrichment mechanisms and consequent health risks in geothermal waters of the Yishu Fault Zone using hydrochemical and multi-isotopic (H, O, Sr, S) tracers",https://www.sciencedirect.com/science/article/pii/S0375650526001069?dgcid=rss_sd_all,Geothermics,,8,"Geothermal hydrogeochemistry with isotope methods, closely matching secondary research interests.","isotope methods,geothermal hydrogeochem",2026-05-21T04:14:57.706068+00:00,
https://www.sciencedirect.com/science/article/pii/S0375650526001045,Permeability evolution during long-term matrix acidification of sandstone under reservoir conditions,https://www.sciencedirect.com/science/article/pii/S0375650526001045?dgcid=rss_sd_all,Geothermics,,7,Geothermal water geochemistry study relevant to secondary research interests.,geothermal hydrogeochem,2026-05-21T04:14:57.706068+00:00,
https://www.sciencedirect.com/science/article/pii/S0375650526001008,"Characteristics of the present-day geothermal field and thermal structure of the lithosphere in the Huazhou-Huayin area, Weihe Basin",https://www.sciencedirect.com/science/article/pii/S0375650526001008?dgcid=rss_sd_all,Geothermics,,7,Geothermal water geochemistry study relevant to secondary research interests.,geothermal hydrogeochem,2026-05-21T04:14:57.706068+00:00,
https://www.sciencedirect.com/science/article/pii/S037565052600088X,Electrical resistivity characterization of the freshwater-saline interface: Implications for groundwater heat pump deployment in carbonate islands,https://www.sciencedirect.com/science/article/pii/S037565052600088X?dgcid=rss_sd_all,Geothermics,,6,Groundwater isotope hydrogeochemistry — methodologically relevant but focuses on shallow systems.,"isotope methods,shallow/general groundwater",2026-05-21T04:14:57.706068+00:00,
https://www.sciencedirect.com/science/article/pii/S0375650526000969,"In-situ evaluation of undisturbed ground temperature for geothermal heat exchange applications in the National Capital Region, India",https://www.sciencedirect.com/science/article/pii/S0375650526000969?dgcid=rss_sd_all,Geothermics,,3,General geochemistry study with limited relevance to hydrogeochemical or isotope research profile.,general geochemistry,2026-05-21T04:14:57.706068+00:00,
https://www.sciencedirect.com/science/article/pii/S0375650526000659,"Integrating geological, engineering, and economic indexes in geothermal play fairway mapping: A case study from the Vienna pull-apart basin",https://www.sciencedirect.com/science/article/pii/S0375650526000659?dgcid=rss_sd_all,Geothermics,,7,Geothermal water geochemistry study relevant to secondary research interests.,geothermal hydrogeochem,2026-05-21T04:14:57.706068+00:00,
https://www.sciencedirect.com/science/article/pii/S037565052600101X,Operational optimization of deep borehole heat exchangers: Numerical evidence on cross-seasonal heat storage mitigating ground cold accumulation,https://www.sciencedirect.com/science/article/pii/S037565052600101X?dgcid=rss_sd_all,Geothermics,,9,Deep geothermal water geochemistry study with strong overlap to research profile.,"deep groundwater,geothermal hydrogeochem",2026-05-21T04:14:57.706068+00:00,
https://www.sciencedirect.com/science/article/pii/S0375650526000994,Geological structures and thermal regime along volcanoes and basement rocks of Tangyin rift geothermal field from resistivity survey and Radon detection,https://www.sciencedirect.com/science/article/pii/S0375650526000994?dgcid=rss_sd_all,Geothermics,,9,Deep geothermal water geochemistry study with strong overlap to research profile.,"deep groundwater,geothermal hydrogeochem,radionuclide geochemistry",2026-05-21T04:14:57.706068+00:00,
https://www.sciencedirect.com/science/article/pii/S0375650526000970,Radiogenic heat production of the East Volga region: A systematic study,https://www.sciencedirect.com/science/article/pii/S0375650526000970?dgcid=rss_sd_all,Geothermics,,7,Deep groundwater hydrogeochemistry study with relevant overlap to core research focus.,deep groundwater,2026-05-21T04:14:57.706068+00:00,
https://www.sciencedirect.com/science/article/pii/S0375650526000982,"Organic matter in thermal springs, the Central part of the Baikal Rift Zone",https://www.sciencedirect.com/science/article/pii/S0375650526000982?dgcid=rss_sd_all,Geothermics,,7,Geothermal water geochemistry study relevant to secondary research interests.,geothermal hydrogeochem,2026-05-21T04:14:57.706068+00:00,
https://www.sciencedirect.com/science/article/pii/S0375650526000957,"Reflection seismic surveying at the volcanic geothermal system of Petra (Lesvos Island, Greece)",https://www.sciencedirect.com/science/article/pii/S0375650526000957?dgcid=rss_sd_all,Geothermics,,7,Geothermal water geochemistry study relevant to secondary research interests.,geothermal hydrogeochem,2026-05-21T04:14:57.706068+00:00,
https://www.sciencedirect.com/science/article/pii/S0375650526000891,A study of geothermal energy sweep efficiency improvement in the Williston Basin based on oil/gas engineering concepts,https://www.sciencedirect.com/science/article/pii/S0375650526000891?dgcid=rss_sd_all,Geothermics,,9,Deep geothermal water geochemistry study with strong overlap to research profile.,"deep groundwater,geothermal hydrogeochem",2026-05-21T04:14:57.706068+00:00,
https://www.sciencedirect.com/science/article/pii/S0375650526000908,Semi-analytical approach to the coupled plastic-softening THM response of a circular opening,https://www.sciencedirect.com/science/article/pii/S0375650526000908?dgcid=rss_sd_all,Geothermics,,3,General geochemistry study with limited relevance to hydrogeochemical or isotope research profile.,general geochemistry,2026-05-21T04:14:57.706068+00:00,
https://www.sciencedirect.com/science/article/pii/S0375650526000945,Aquifer thermal energy storage (ATES) for district heating and cooling systems: A review,https://www.sciencedirect.com/science/article/pii/S0375650526000945?dgcid=rss_sd_all,Geothermics,,5,General groundwater geochemistry study with limited isotope or redox content.,shallow/general groundwater,2026-05-21T04:14:57.706068+00:00,
https://www.sciencedirect.com/science/article/pii/S0375650526000933,Optimization reinjection strategies in a sandstone geothermal reservoir: Insights from laboratory experiments,https://www.sciencedirect.com/science/article/pii/S0375650526000933?dgcid=rss_sd_all,Geothermics,,7,Geothermal water geochemistry study relevant to secondary research interests.,geothermal hydrogeochem,2026-05-21T04:14:57.706068+00:00,
https://www.sciencedirect.com/science/article/pii/S0375650526000921,"Opportunities for geothermal direct use in Mesillas geothermal prospect, Mexico",https://www.sciencedirect.com/science/article/pii/S0375650526000921?dgcid=rss_sd_all,Geothermics,,7,Geothermal water geochemistry study relevant to secondary research interests.,geothermal hydrogeochem,2026-05-21T04:14:57.706068+00:00,
https://www.sciencedirect.com/science/article/pii/S0375650526000866,Lightweight prototype-fusion YOLACT++ for multi-scale fracture identification in Gonghe Basin hot-dry-rock reservoirs,https://www.sciencedirect.com/science/article/pii/S0375650526000866?dgcid=rss_sd_all,Geothermics,,9,Deep geothermal water geochemistry study with strong overlap to research profile.,"deep groundwater,geothermal hydrogeochem",2026-05-21T04:14:57.706068+00:00,
https://www.sciencedirect.com/science/article/pii/S0375650526000635,Thermal performance testing of shallow geothermal systems: Insights from field experiments and numerical modelling,https://www.sciencedirect.com/science/article/pii/S0375650526000635?dgcid=rss_sd_all,Geothermics,,7,Geothermal water geochemistry study relevant to secondary research interests.,geothermal hydrogeochem,2026-05-21T04:14:57.706068+00:00,
https://www.sciencedirect.com/science/article/pii/S037565052600091X,Mechanical and acoustic emission characteristics of sandstone after high-temperature and water-cooling treatment under true triaxial cyclic loading,https://www.sciencedirect.com/science/article/pii/S037565052600091X?dgcid=rss_sd_all,Geothermics,,7,Geothermal water geochemistry study relevant to secondary research interests.,geothermal hydrogeochem,2026-05-21T04:14:57.706068+00:00,
https://www.sciencedirect.com/science/article/pii/S0375650526000854,An analytical approach to production logging in enhanced geothermal systems using distributed fiber optic thermal slug tracking,https://www.sciencedirect.com/science/article/pii/S0375650526000854?dgcid=rss_sd_all,Geothermics,,7,Geothermal water geochemistry study relevant to secondary research interests.,geothermal hydrogeochem,2026-05-21T04:14:57.706068+00:00,
https://www.sciencedirect.com/science/article/pii/S0375650526000830,Reactive transport modelling of CO 2 -enriched condensate reinjection in andesitic geothermal reservoirs towards the enhancement of carbon mineralisation,https://www.sciencedirect.com/science/article/pii/S0375650526000830?dgcid=rss_sd_all,Geothermics,,7,Geothermal water geochemistry study relevant to secondary research interests.,geothermal hydrogeochem,2026-05-21T04:14:57.706068+00:00,
https://www.sciencedirect.com/science/article/pii/S0375650526000842,Long-lived brittle reactivation of crossing fault networks enhancing upwellings in hydrothermal systems: The case study of Chaudes-Aigues spring swarm,https://www.sciencedirect.com/science/article/pii/S0375650526000842?dgcid=rss_sd_all,Geothermics,,7,Geothermal water geochemistry study relevant to secondary research interests.,geothermal hydrogeochem,2026-05-21T04:14:57.706068+00:00,
https://www.sciencedirect.com/science/article/pii/S0375650526000829,"Thermal waters of the Western Bohemian Massif (Germany): geothermometry, origin and circulation",https://www.sciencedirect.com/science/article/pii/S0375650526000829?dgcid=rss_sd_all,Geothermics,,8,"Geothermal hydrogeochemistry with isotope methods, closely matching secondary research interests.","isotope methods,geothermal hydrogeochem,shallow/general groundwater",2026-05-21T04:14:57.706068+00:00,
https://www.sciencedirect.com/science/article/pii/S0375650526000799,Carbon dioxide degassing and recharge processes in geothermal springs of the Kumaun Himalaya: Evidence from geochemical and isotopic data,https://www.sciencedirect.com/science/article/pii/S0375650526000799?dgcid=rss_sd_all,Geothermics,,8,"Geothermal hydrogeochemistry with isotope methods, closely matching secondary research interests.","isotope methods,geothermal hydrogeochem,surface water",2026-05-21T04:14:57.706068+00:00,
https://www.sciencedirect.com/science/article/pii/S0375650526000817,"Geothermal prospect evaluation of northern Benue tough, northeastern Nigeria, from high resolution airborne magnetic data",https://www.sciencedirect.com/science/article/pii/S0375650526000817?dgcid=rss_sd_all,Geothermics,,7,Geothermal water geochemistry study relevant to secondary research interests.,geothermal hydrogeochem,2026-05-21T04:14:57.706068+00:00,
https://www.sciencedirect.com/science/article/pii/S0375650526000787,"Lithospheric extension and deep thermal evolution of the Northern South China sea continental slope: A case study of the Lingshui Sag, Qiongdongnan Basin",https://www.sciencedirect.com/science/article/pii/S0375650526000787?dgcid=rss_sd_all,Geothermics,,2,Surface water or marine geochemistry study with no groundwater or isotope hydrogeology relevance.,surface water,2026-05-21T04:14:57.706068+00:00,
https://www.sciencedirect.com/science/article/pii/S0375650526000805,Numerical simulation of high-energy impact stress wave-induced fracturing in heterogeneous rocks,https://www.sciencedirect.com/science/article/pii/S0375650526000805?dgcid=rss_sd_all,Geothermics,,3,General geochemistry study with limited relevance to hydrogeochemical or isotope research profile.,general geochemistry,2026-05-21T04:14:57.706068+00:00,
https://www.sciencedirect.com/science/article/pii/S0375650526000775,Influence of different types of nano-SiO 2 on the performance of oil well cement under HPHT CO 2 –SO 4 2- condition,https://www.sciencedirect.com/science/article/pii/S0375650526000775?dgcid=rss_sd_all,Geothermics,,7,Geothermal water geochemistry study relevant to secondary research interests.,geothermal hydrogeochem,2026-05-21T04:14:57.706068+00:00,
https://www.sciencedirect.com/science/article/pii/S0375650526000696,Boolean-Fuzzy approaches for hydrothermal deposits models in an arid environment: A case study in Central Africa,https://www.sciencedirect.com/science/article/pii/S0375650526000696?dgcid=rss_sd_all,Geothermics,,7,Geothermal water geochemistry study relevant to secondary research interests.,geothermal hydrogeochem,2026-05-21T04:14:57.706068+00:00,
https://www.sciencedirect.com/science/article/pii/S0375650526000593,"Heat source and upflow pathway in the Yangyi geothermal field, Qinghai-Xizang Plateau:insights from three-dimensional magnetotelluric imaging",https://www.sciencedirect.com/science/article/pii/S0375650526000593?dgcid=rss_sd_all,Geothermics,,7,Geothermal water geochemistry study relevant to secondary research interests.,geothermal hydrogeochem,2026-05-21T04:14:57.706068+00:00,
https://www.sciencedirect.com/science/article/pii/S0375650526000702,Patterns and controls of induced seismicity in geothermal reservoirs: insights from case studies and implications for hazard assessment and mitigation,https://www.sciencedirect.com/science/article/pii/S0375650526000702?dgcid=rss_sd_all,Geothermics,,7,Geothermal water geochemistry study relevant to secondary research interests.,geothermal hydrogeochem,2026-05-21T04:14:57.706068+00:00,
https://www.sciencedirect.com/science/article/pii/S0375650526000684,Optimizing geothermal reservoir performance: A hybrid DFN-EPM simulation approach for fracture convection equivalence and enhanced production forecasting,https://www.sciencedirect.com/science/article/pii/S0375650526000684?dgcid=rss_sd_all,Geothermics,,7,Geothermal water geochemistry study relevant to secondary research interests.,geothermal hydrogeochem,2026-05-21T04:14:57.706068+00:00,
https://www.sciencedirect.com/science/article/pii/S0375650526000623,"Water jet ejectors as a sustainable alternative to steam-based systems for NCG removal in geothermal power plants: Advances, applications, and future directions (2015–2025)",https://www.sciencedirect.com/science/article/pii/S0375650526000623?dgcid=rss_sd_all,Geothermics,,3,General geochemistry study with limited relevance to hydrogeochemical or isotope research profile.,general geochemistry,2026-05-21T04:14:57.706068+00:00,
https://www.sciencedirect.com/science/article/pii/S0375650526001100,Editorial Board,https://www.sciencedirect.com/science/article/pii/S0375650526001100?dgcid=rss_sd_all,Geothermics,,3,General geochemistry study with limited relevance to hydrogeochemical or isotope research profile.,general geochemistry,2026-05-21T04:14:57.706068+00:00,
https://www.sciencedirect.com/science/article/pii/S0048969726005565,Improving lightning representation in global model through convective cloud based Price and Rind 1992 scheme,https://www.sciencedirect.com/science/article/pii/S0048969726005565?dgcid=rss_sd_all,Science of the Total Environment,,3,General geochemistry study with limited relevance to hydrogeochemical or isotope research profile.,general geochemistry,2026-05-21T04:14:57.706068+00:00,
https://www.sciencedirect.com/science/article/pii/S0048969726005413,Early life antioxidants predict first-migration survival in the White Storks ( Ciconia ciconia ),https://www.sciencedirect.com/science/article/pii/S0048969726005413?dgcid=rss_sd_all,Science of the Total Environment,,3,General geochemistry study with limited relevance to hydrogeochemical or isotope research profile.,general geochemistry,2026-05-21T04:14:57.706068+00:00,
https://www.sciencedirect.com/science/article/pii/S0048969726005383,Variations in the root-soil system influence the grapevine holobiont by shaping plant physiology and root microbiome,https://www.sciencedirect.com/science/article/pii/S0048969726005383?dgcid=rss_sd_all,Science of the Total Environment,,2,Soil or atmospheric geochemistry study unrelated to groundwater hydrogeochemistry.,soil/atm study,2026-05-21T04:14:57.706068+00:00,
https://www.sciencedirect.com/science/article/pii/S004896972600536X,"Removal of arsenic and heavy metals from soil-washing effluents of contaminated mine sites using a novel Fe-assisted electrodeposition approach, amino-functionalized magnetic biochar, and chitosan-based column filtration systems",https://www.sciencedirect.com/science/article/pii/S004896972600536X?dgcid=rss_sd_all,Science of the Total Environment,,6,Radionuclide aqueous geochemistry with some relevance to disposal site geochemical modeling.,radionuclide geochemistry,2026-05-21T04:14:57.706068+00:00,
https://www.sciencedirect.com/science/article/pii/S0048969726005541,Seasonal variation in metal concentrations in the Gualaxo do Norte River following the Fundão dam collapse is associated with behavioural and cholinergic alterations in Astyanax lacustris,https://www.sciencedirect.com/science/article/pii/S0048969726005541?dgcid=rss_sd_all,Science of the Total Environment,,2,Surface water or marine geochemistry study with no groundwater or isotope hydrogeology relevance.,surface water,2026-05-21T04:14:57.706068+00:00,
https://www.sciencedirect.com/science/article/pii/S0048969726005498,"Assessment of ambient air pollution and health risks using satellite remote sensing in the garment industrial belt of Savar and Gazipur, Bangladesh",https://www.sciencedirect.com/science/article/pii/S0048969726005498?dgcid=rss_sd_all,Science of the Total Environment,,3,General geochemistry study with limited relevance to hydrogeochemical or isotope research profile.,general geochemistry,2026-05-21T04:14:57.706068+00:00,
https://www.sciencedirect.com/science/article/pii/S0048969726005243,City-scale cooling and thermal comfort: A dual-index comparison of heat mitigation strategy effectiveness across geographically-diverse cities,https://www.sciencedirect.com/science/article/pii/S0048969726005243?dgcid=rss_sd_all,Science of the Total Environment,,3,General geochemistry study with limited relevance to hydrogeochemical or isotope research profile.,general geochemistry,2026-05-21T04:14:57.706068+00:00,
https://www.sciencedirect.com/science/article/pii/S0048969726005450,Exposure of Belgian children to multiple classes of currently used pesticides,https://www.sciencedirect.com/science/article/pii/S0048969726005450?dgcid=rss_sd_all,Science of the Total Environment,,3,General geochemistry study with limited relevance to hydrogeochemical or isotope research profile.,general geochemistry,2026-05-21T04:14:57.706068+00:00,
https://www.sciencedirect.com/science/article/pii/S0048969726005267,Wastewater-based surveillance for seasonal respiratory viruses provides a one-week lead to clinical cases and hospital admissions,https://www.sciencedirect.com/science/article/pii/S0048969726005267?dgcid=rss_sd_all,Science of the Total Environment,,3,General geochemistry study with limited relevance to hydrogeochemical or isotope research profile.,general geochemistry,2026-05-21T04:14:57.706068+00:00,
https://www.sciencedirect.com/science/article/pii/S0048969726005127,Global near-surface methane distribution and emission hotspots from TROPOMI: A geospatial machine-learning approach,https://www.sciencedirect.com/science/article/pii/S0048969726005127?dgcid=rss_sd_all,Science of the Total Environment,,2,Surface water or marine geochemistry study with no groundwater or isotope hydrogeology relevance.,surface water,2026-05-21T04:14:57.706068+00:00,
https://www.sciencedirect.com/science/article/pii/S0048969726005371,"Effects of encapsulated nitrate replacing urea on performance, rumen fermentation, and enteric methane emissions in grazing Nellore cattle from weaning to slaughter",https://www.sciencedirect.com/science/article/pii/S0048969726005371?dgcid=rss_sd_all,Science of the Total Environment,,3,General geochemistry study with limited relevance to hydrogeochemical or isotope research profile.,general geochemistry,2026-05-21T04:14:57.706068+00:00,
https://www.sciencedirect.com/science/article/pii/S0048969726005449,Spatio-temporal variability of compound drought heatwave events (CDHEs) in Australian agricultural regions and their impacts on cereal crops,https://www.sciencedirect.com/science/article/pii/S0048969726005449?dgcid=rss_sd_all,Science of the Total Environment,,3,General geochemistry study with limited relevance to hydrogeochemical or isotope research profile.,general geochemistry,2026-05-21T04:14:57.706068+00:00,
https://www.sciencedirect.com/science/article/pii/S0048969726005255,Adverse effects of entomopathogenic nematodes on honey bees following foliar application under laboratory conditions,https://www.sciencedirect.com/science/article/pii/S0048969726005255?dgcid=rss_sd_all,Science of the Total Environment,,3,General geochemistry study with limited relevance to hydrogeochemical or isotope research profile.,general geochemistry,2026-05-21T04:14:57.706068+00:00,
https://www.sciencedirect.com/science/article/pii/S0048969726005395,Projected changes in sea-land breeze dynamics and pollutant transport under future climate conditions,https://www.sciencedirect.com/science/article/pii/S0048969726005395?dgcid=rss_sd_all,Science of the Total Environment,,3,General geochemistry study with limited relevance to hydrogeochemical or isotope research profile.,general geochemistry,2026-05-21T04:14:57.706068+00:00,
https://www.sciencedirect.com/science/article/pii/S0048969726005322,Antibiotics in wastewater and removal efficiency of treatment plants: A systematic review,https://www.sciencedirect.com/science/article/pii/S0048969726005322?dgcid=rss_sd_all,Science of the Total Environment,,3,General geochemistry study with limited relevance to hydrogeochemical or isotope research profile.,general geochemistry,2026-05-21T04:14:57.706068+00:00,
https://www.sciencedirect.com/science/article/pii/S0048969726005280,"Effects of elevated ozone on life history traits, olfactory detection, and behavior in Drosophila",https://www.sciencedirect.com/science/article/pii/S0048969726005280?dgcid=rss_sd_all,Science of the Total Environment,,3,General geochemistry study with limited relevance to hydrogeochemical or isotope research profile.,general geochemistry,2026-05-21T04:14:57.706068+00:00,
https://www.sciencedirect.com/science/article/pii/S0048969726005218,Seasonal variability in trace metal deposition and total organic carbon fluxes on a productive South Atlantic western continental margin,https://www.sciencedirect.com/science/article/pii/S0048969726005218?dgcid=rss_sd_all,Science of the Total Environment,,2,Surface water or marine geochemistry study with no groundwater or isotope hydrogeology relevance.,"redox geochemistry,surface water",2026-05-21T04:14:57.706068+00:00,
https://www.sciencedirect.com/science/article/pii/S0048969726005309,Corrigendum to “The overlooked effects of environmental impacts on root:shoot ratio in experiments and soil-crop models” [Sci. Total Environ. 955 (2024) 176738],https://www.sciencedirect.com/science/article/pii/S0048969726005309?dgcid=rss_sd_all,Science of the Total Environment,,3,General geochemistry study with limited relevance to hydrogeochemical or isotope research profile.,general geochemistry,2026-05-21T04:14:57.706068+00:00,
https://www.sciencedirect.com/science/article/pii/S0048969726005425,"Corrigendum to “Integrating the inter- and intra-annual dynamic features of capital into environmental footprint assessment: Revisiting China's greenhouse gas footprints, 1995–2015” [Sci. Total Environ. 801 (2021) 149629]",https://www.sciencedirect.com/science/article/pii/S0048969726005425?dgcid=rss_sd_all,Science of the Total Environment,,3,General geochemistry study with limited relevance to hydrogeochemical or isotope research profile.,general geochemistry,2026-05-21T04:14:57.706068+00:00,
https://www.sciencedirect.com/science/article/pii/S0048969726005437,Corrigendum to “Mapping per- and polyfluoroalkyl substances contamination in England's surface waterbodies: Urban water cycle pathways and governance challenges” [Sci. Total Environ. 1030 (2026) 181779],https://www.sciencedirect.com/science/article/pii/S0048969726005437?dgcid=rss_sd_all,Science of the Total Environment,,3,General geochemistry study with limited relevance to hydrogeochemical or isotope research profile.,general geochemistry,2026-05-21T04:14:57.706068+00:00,
https://www.sciencedirect.com/science/article/pii/S0016703726003005,Large seasonal and inter-annual variability in lipid biomarker fluxes: unique records of 4.5 years of monthly sediment-trap data from a tropical lake,https://www.sciencedirect.com/science/article/pii/S0016703726003005?dgcid=rss_sd_all,Geochimica et Cosmochimica Acta,,2,Surface water or marine geochemistry study with no groundwater or isotope hydrogeology relevance.,"isotope methods,surface water",2026-05-21T04:14:57.706068+00:00,
https://www.sciencedirect.com/science/article/pii/S0016703726002930,Contrasting zinc isotope fractionation during magnetite and ilmenite crystallization: implications for tracing magma redox states,https://www.sciencedirect.com/science/article/pii/S0016703726002930?dgcid=rss_sd_all,Geochimica et Cosmochimica Acta,,3,General geochemistry study with limited relevance to hydrogeochemical or isotope research profile.,redox geochemistry,2026-05-21T04:14:57.706068+00:00,
https://www.sciencedirect.com/science/article/pii/S0016703726002826,NADW attenuation and millennial-scale overturning circulation variability in the Arabian Sea constrained through authigenic ε Nd at the Carlsberg Ridge,https://www.sciencedirect.com/science/article/pii/S0016703726002826?dgcid=rss_sd_all,Geochimica et Cosmochimica Acta,,2,Surface water or marine geochemistry study with no groundwater or isotope hydrogeology relevance.,"isotope methods,surface water",2026-05-21T04:14:57.706068+00:00,
https://www.sciencedirect.com/science/article/pii/S0016703726002838,Pyrite’s hidden treasure: Arsenic-induced structural transformation promotes gold enrichment,https://www.sciencedirect.com/science/article/pii/S0016703726002838?dgcid=rss_sd_all,Geochimica et Cosmochimica Acta,,3,General geochemistry study with limited relevance to hydrogeochemical or isotope research profile.,general geochemistry,2026-05-21T04:14:57.706068+00:00,
https://www.sciencedirect.com/science/article/pii/S0016703726002942,Hydroclimatic significance of drip water δ 18 O in humid Mediterranean karst: implications for speleothem paleoclimate reconstruction,https://www.sciencedirect.com/science/article/pii/S0016703726002942?dgcid=rss_sd_all,Geochimica et Cosmochimica Acta,,3,General geochemistry study with limited relevance to hydrogeochemical or isotope research profile.,isotope methods,2026-05-21T04:14:57.706068+00:00,
https://www.sciencedirect.com/science/article/pii/S0016703726002899,Experimentally determined nickel partitioning between mantle minerals and hydrous mafic melts at 1050–1250 °C: Evaluation of pyroxenite contribution to arc magma generation,https://www.sciencedirect.com/science/article/pii/S0016703726002899?dgcid=rss_sd_all,Geochimica et Cosmochimica Acta,,3,General geochemistry study with limited relevance to hydrogeochemical or isotope research profile.,general geochemistry,2026-05-21T04:14:57.706068+00:00,
https://www.sciencedirect.com/science/article/pii/S001670372600284X,Lipids δ 2 H values as a proxy for Antarctic ice-sheet meltwater discharge,https://www.sciencedirect.com/science/article/pii/S001670372600284X?dgcid=rss_sd_all,Geochimica et Cosmochimica Acta,,2,Surface water or marine geochemistry study with no groundwater or isotope hydrogeology relevance.,"isotope methods,surface water",2026-05-21T04:14:57.706068+00:00,
https://www.sciencedirect.com/science/article/pii/S0016703726002887,Copper isotope perspective on sulfide-silicate liquid immiscibility,https://www.sciencedirect.com/science/article/pii/S0016703726002887?dgcid=rss_sd_all,Geochimica et Cosmochimica Acta,,3,General geochemistry study with limited relevance to hydrogeochemical or isotope research profile.,general geochemistry,2026-05-21T04:14:57.706068+00:00,
https://www.sciencedirect.com/science/article/pii/S0016703726002620,Nitrogen and oxygen isotope effects during enzymatic nitrate reduction in vitro and by natural lake water microbiomes,https://www.sciencedirect.com/science/article/pii/S0016703726002620?dgcid=rss_sd_all,Geochimica et Cosmochimica Acta,,6,Nitrate/fluoride isotope forensics in groundwater — adjacent to secondary research focus.,"isotope methods,redox geochemistry,NO3/F isotope forensics,surface water",2026-05-21T04:14:57.706068+00:00,
https://www.sciencedirect.com/science/article/pii/S0016703726002863,Tin isotope compositions of ocean island basalt mantle sources,https://www.sciencedirect.com/science/article/pii/S0016703726002863?dgcid=rss_sd_all,Geochimica et Cosmochimica Acta,,2,Surface water or marine geochemistry study with no groundwater or isotope hydrogeology relevance.,"isotope methods,redox geochemistry,surface water",2026-05-21T04:14:57.706068+00:00,
https://www.sciencedirect.com/science/article/pii/S0016703726002814,Barium isotopes reveal widespread recycled oceanic crust in the deep mantle,https://www.sciencedirect.com/science/article/pii/S0016703726002814?dgcid=rss_sd_all,Geochimica et Cosmochimica Acta,,2,Surface water or marine geochemistry study with no groundwater or isotope hydrogeology relevance.,"isotope methods,surface water",2026-05-21T04:14:57.706068+00:00,
https://www.sciencedirect.com/science/article/pii/S0016703726002784,Redox control on protodolomite formation in post-extinction microbialites: evidence from the Permian‒Triassic boundary beds in South China,https://www.sciencedirect.com/science/article/pii/S0016703726002784?dgcid=rss_sd_all,Geochimica et Cosmochimica Acta,,3,General geochemistry study with limited relevance to hydrogeochemical or isotope research profile.,redox geochemistry,2026-05-21T04:14:57.706068+00:00,
https://www.sciencedirect.com/science/article/pii/S0016703726002590,Incipient aqueous alteration recorded by matrix metal in the most pristine CO chondrite Dominion Range 08006,https://www.sciencedirect.com/science/article/pii/S0016703726002590?dgcid=rss_sd_all,Geochimica et Cosmochimica Acta,,2,Soil or atmospheric geochemistry study unrelated to groundwater hydrogeochemistry.,soil/atm study,2026-05-21T04:14:57.706068+00:00,
https://www.sciencedirect.com/science/article/pii/S0016703726002565,Chemical fingerprints of five modern brachiopod species and their application to support fossil geochemical studies,https://www.sciencedirect.com/science/article/pii/S0016703726002565?dgcid=rss_sd_all,Geochimica et Cosmochimica Acta,,3,General geochemistry study with limited relevance to hydrogeochemical or isotope research profile.,general geochemistry,2026-05-21T04:14:57.706068+00:00,
https://www.sciencedirect.com/science/article/pii/S0016703726002486,Stepwise variation of Ni isotopes in MORBs from the East Pacific Rise: a response to magma replenishment and differentiation,https://www.sciencedirect.com/science/article/pii/S0016703726002486?dgcid=rss_sd_all,Geochimica et Cosmochimica Acta,,2,Surface water or marine geochemistry study with no groundwater or isotope hydrogeology relevance.,"isotope methods,surface water",2026-05-21T04:14:57.706068+00:00,
https://www.sciencedirect.com/science/article/pii/S0016703726003029,"Isotopic evidence for a long-lived Hadean basaltic–andesitic precursor to the Acasta Gneiss Complex, Canada",https://www.sciencedirect.com/science/article/pii/S0016703726003029?dgcid=rss_sd_all,Geochimica et Cosmochimica Acta,,3,General geochemistry study with limited relevance to hydrogeochemical or isotope research profile.,general geochemistry,2026-05-21T04:14:57.706068+00:00,
https://www.sciencedirect.com/science/article/pii/S0016703726002966,Erratum to “Metabolic imprints in the hydrogen isotopes of Archaeoglobus fulgidus tetraether lipids” [Geochimica et Cosmochimica Acta 386 (2024) 196–212],https://www.sciencedirect.com/science/article/pii/S0016703726002966?dgcid=rss_sd_all,Geochimica et Cosmochimica Acta,,3,General geochemistry study with limited relevance to hydrogeochemical or isotope research profile.,isotope methods,2026-05-21T04:14:57.706068+00:00,
https://www.sciencedirect.com/science/article/pii/S0016703726002954,Corrigendum to “pH controlling boron isotope fractionation during chemical weathering of basalt” [Geochim. Cosmochim. Acta 416 (2026) 69–81],https://www.sciencedirect.com/science/article/pii/S0016703726002954?dgcid=rss_sd_all,Geochimica et Cosmochimica Acta,,3,General geochemistry study with limited relevance to hydrogeochemical or isotope research profile.,general geochemistry,2026-05-21T04:14:57.706068+00:00,
https://www.sciencedirect.com/science/article/pii/S0016703726003017,Experimental investigation of environmental controls on biological cadmium isotope fractionation during phytoplankton uptake,https://www.sciencedirect.com/science/article/pii/S0016703726003017?dgcid=rss_sd_all,Geochimica et Cosmochimica Acta,,3,General geochemistry study with limited relevance to hydrogeochemical or isotope research profile.,general geochemistry,2026-05-21T04:14:57.706068+00:00,
https://www.sciencedirect.com/science/article/pii/S0016703726002929,Δ 47 -Δ 48 systematics of speleothem carbonate,https://www.sciencedirect.com/science/article/pii/S0016703726002929?dgcid=rss_sd_all,Geochimica et Cosmochimica Acta,,3,General geochemistry study with limited relevance to hydrogeochemical or isotope research profile.,isotope methods,2026-05-21T04:14:57.706068+00:00,
https://www.sciencedirect.com/science/article/pii/S0016703726002991,Stable cerium isotopic fractionation during alkaline magma differentiation and the isotopic composition of the upper continental crust,https://www.sciencedirect.com/science/article/pii/S0016703726002991?dgcid=rss_sd_all,Geochimica et Cosmochimica Acta,,3,General geochemistry study with limited relevance to hydrogeochemical or isotope research profile.,general geochemistry,2026-05-21T04:14:57.706068+00:00,
https://www.sciencedirect.com/science/article/pii/S0016703726002978,Metabolic controls on nickel isotope fractionation during microbial methanogenesis and acetogenesis,https://www.sciencedirect.com/science/article/pii/S0016703726002978?dgcid=rss_sd_all,Geochimica et Cosmochimica Acta,,3,General geochemistry study with limited relevance to hydrogeochemical or isotope research profile.,isotope methods,2026-05-21T04:14:57.706068+00:00,
https://www.sciencedirect.com/science/article/pii/S0016703726002917,"Progressive change of the water column, pore water and sediment chromium isotope composition at the Rainbow hydrothermal vent field, North Atlantic Ocean",https://www.sciencedirect.com/science/article/pii/S0016703726002917?dgcid=rss_sd_all,Geochimica et Cosmochimica Acta,,2,Surface water or marine geochemistry study with no groundwater or isotope hydrogeology relevance.,"isotope methods,redox geochemistry,surface water",2026-05-21T04:14:57.706068+00:00,
https://www.sciencedirect.com/science/article/pii/S0016703726002905,A hybrid mantle source for Chang’E-5 basalt: insights from ultra-trace element ratios of olivine,https://www.sciencedirect.com/science/article/pii/S0016703726002905?dgcid=rss_sd_all,Geochimica et Cosmochimica Acta,,3,General geochemistry study with limited relevance to hydrogeochemical or isotope research profile.,general geochemistry,2026-05-21T04:14:57.706068+00:00,
https://www.sciencedirect.com/science/article/pii/S0016703726002851,Oxygen isotope systematics of petrographically and chemically rare chondrules from the NWA 6991 (CV3) chondrite: Implications for chondrule precursors and radial transport in the protoplanetary disk,https://www.sciencedirect.com/science/article/pii/S0016703726002851?dgcid=rss_sd_all,Geochimica et Cosmochimica Acta,,3,General geochemistry study with limited relevance to hydrogeochemical or isotope research profile.,isotope methods,2026-05-21T04:14:57.706068+00:00,
https://www.sciencedirect.com/science/article/pii/S0016703726002875,Crystal defects drive gold remobilisation in arsenopyrite,https://www.sciencedirect.com/science/article/pii/S0016703726002875?dgcid=rss_sd_all,Geochimica et Cosmochimica Acta,,3,General geochemistry study with limited relevance to hydrogeochemical or isotope research profile.,general geochemistry,2026-05-21T04:14:57.706068+00:00,
https://www.sciencedirect.com/science/article/pii/S0016703726002723,Revisiting zircon-melt REE partitioning systematics: new insight into shallow crustal melting on early Earth,https://www.sciencedirect.com/science/article/pii/S0016703726002723?dgcid=rss_sd_all,Geochimica et Cosmochimica Acta,,3,General geochemistry study with limited relevance to hydrogeochemical or isotope research profile.,general geochemistry,2026-05-21T04:14:57.706068+00:00,
https://www.sciencedirect.com/science/article/pii/S0016703726002796,Impact of metasomatism on halogen distribution in the north american sub-continental lithospheric mantle,https://www.sciencedirect.com/science/article/pii/S0016703726002796?dgcid=rss_sd_all,Geochimica et Cosmochimica Acta,,3,General geochemistry study with limited relevance to hydrogeochemical or isotope research profile.,general geochemistry,2026-05-21T04:14:57.706068+00:00,
https://www.sciencedirect.com/science/article/pii/S0016703726002589,Heavy tungsten isotopes in sulfidic seep sediments linked to carbonate precipitation,https://www.sciencedirect.com/science/article/pii/S0016703726002589?dgcid=rss_sd_all,Geochimica et Cosmochimica Acta,,2,Surface water or marine geochemistry study with no groundwater or isotope hydrogeology relevance.,"isotope methods,redox geochemistry,surface water",2026-05-21T04:14:57.706068+00:00,
https://www.sciencedirect.com/science/article/pii/S0016703726002619,Controls on boron isotope ratios in marine bivalve shells: Insights from a controlled experiment across pH and temperature gradients,https://www.sciencedirect.com/science/article/pii/S0016703726002619?dgcid=rss_sd_all,Geochimica et Cosmochimica Acta,,2,Surface water or marine geochemistry study with no groundwater or isotope hydrogeology relevance.,"isotope methods,surface water",2026-05-21T04:14:57.706068+00:00,
https://www.sciencedirect.com/science/article/pii/S0016703726002577,Catch and release of deep energy sources across orogenic cycles,https://www.sciencedirect.com/science/article/pii/S0016703726002577?dgcid=rss_sd_all,Geochimica et Cosmochimica Acta,,3,General geochemistry study with limited relevance to hydrogeochemical or isotope research profile.,redox geochemistry,2026-05-21T04:14:57.706068+00:00,
https://www.sciencedirect.com/science/article/pii/S0016703726002632,Biogeochemical evolution of deep-sea sediments in Iceberg Alley (Scotia Sea) since the Miocene and implications for carbon and iron cycling,https://www.sciencedirect.com/science/article/pii/S0016703726002632?dgcid=rss_sd_all,Geochimica et Cosmochimica Acta,,2,Surface water or marine geochemistry study with no groundwater or isotope hydrogeology relevance.,surface water,2026-05-21T04:14:57.706068+00:00,
https://www.sciencedirect.com/science/article/pii/S001670372600253X,Photosynthesis-induced carbonate precipitation amplifies calcium isotope differences between surface water and groundwater in carbonate-rich watersheds,https://www.sciencedirect.com/science/article/pii/S001670372600253X?dgcid=rss_sd_all,Geochimica et Cosmochimica Acta,,6,Groundwater isotope hydrogeochemistry — methodologically relevant but focuses on shallow systems.,"isotope methods,shallow/general groundwater",2026-05-21T04:14:57.706068+00:00,
https://www.sciencedirect.com/science/article/pii/S0016703726002541,"Spatiotemporal monitoring of serpentinization in peridotite: mineral replacement, volume change and hydrogen production",https://www.sciencedirect.com/science/article/pii/S0016703726002541?dgcid=rss_sd_all,Geochimica et Cosmochimica Acta,,3,General geochemistry study with limited relevance to hydrogeochemical or isotope research profile.,general geochemistry,2026-05-21T04:14:57.706068+00:00,
https://www.sciencedirect.com/science/article/pii/S0016703726002735,Substrate source and mineral protection synergistically govern the temperature response of lake sediment organic carbon,https://www.sciencedirect.com/science/article/pii/S0016703726002735?dgcid=rss_sd_all,Geochimica et Cosmochimica Acta,,2,Surface water or marine geochemistry study with no groundwater or isotope hydrogeology relevance.,surface water,2026-05-21T04:14:57.706068+00:00,
https://www.sciencedirect.com/science/article/pii/S0016703726002528,Laboratory-grown crust in planktic foraminifera Neogloboquadrina pachyderma ; insights into resolving inaccuracies in polar palaeotemperature estimates,https://www.sciencedirect.com/science/article/pii/S0016703726002528?dgcid=rss_sd_all,Geochimica et Cosmochimica Acta,,2,Surface water or marine geochemistry study with no groundwater or isotope hydrogeology relevance.,surface water,2026-05-21T04:14:57.706068+00:00,
https://www.sciencedirect.com/science/article/pii/S0016703726002516,Hafnium and silicon isotope evidence for multiple unsilicified basaltic sources at the origin of Rhyacian TTG magmas in the Mineiro Belt (Brazil),https://www.sciencedirect.com/science/article/pii/S0016703726002516?dgcid=rss_sd_all,Geochimica et Cosmochimica Acta,,8,"Geothermal hydrogeochemistry with isotope methods, closely matching secondary research interests.","isotope methods,geothermal hydrogeochem,surface water",2026-05-21T04:14:57.706068+00:00,
https://www.sciencedirect.com/science/article/pii/S0016703726002607,Stagnant groundwater in a large subterranean estuary revealed by 226 Ra/ 230 Th disequilibria,https://www.sciencedirect.com/science/article/pii/S0016703726002607?dgcid=rss_sd_all,Geochimica et Cosmochimica Acta,,4,"Mixed surface/groundwater study with general geochemical content, minimal isotope or redox focus.","shallow/general groundwater,surface water",2026-05-21T04:14:57.706068+00:00,
https://www.sciencedirect.com/science/article/pii/S0016703726002553,Controls on Mg isotopic fractionation between deep mantle phases and relict signatures of a terrestrial magma ocean,https://www.sciencedirect.com/science/article/pii/S0016703726002553?dgcid=rss_sd_all,Geochimica et Cosmochimica Acta,,2,Surface water or marine geochemistry study with no groundwater or isotope hydrogeology relevance.,"isotope methods,surface water",2026-05-21T04:14:57.706068+00:00,
https://www.sciencedirect.com/science/article/pii/S0016703726002449,Towards understanding archaeal lipid biomarker (GDGT) distributions in central Arctic Ocean sediments,https://www.sciencedirect.com/science/article/pii/S0016703726002449?dgcid=rss_sd_all,Geochimica et Cosmochimica Acta,,2,Surface water or marine geochemistry study with no groundwater or isotope hydrogeology relevance.,surface water,2026-05-21T04:14:57.706068+00:00,
https://www.sciencedirect.com/science/article/pii/S0016703726002504,Molybdenum isotopic compositions in volcanic rocks from Northeast Japan,https://www.sciencedirect.com/science/article/pii/S0016703726002504?dgcid=rss_sd_all,Geochimica et Cosmochimica Acta,,3,General geochemistry study with limited relevance to hydrogeochemical or isotope research profile.,isotope methods,2026-05-21T04:14:57.706068+00:00,
https://www.sciencedirect.com/science/article/pii/S0016703726002474,Timescales of CM carbonaceous chondrite aqueous alteration determined by kinetic modelling,https://www.sciencedirect.com/science/article/pii/S0016703726002474?dgcid=rss_sd_all,Geochimica et Cosmochimica Acta,,3,General geochemistry study with limited relevance to hydrogeochemical or isotope research profile.,redox geochemistry,2026-05-21T04:14:57.706068+00:00,
https://www.sciencedirect.com/science/article/pii/S0016703726002462,Methane cycling and its roles in arsenic mobility in groundwater of floodplain aquifers,https://www.sciencedirect.com/science/article/pii/S0016703726002462?dgcid=rss_sd_all,Geochimica et Cosmochimica Acta,,7,Shallow groundwater isotope and redox geochemistry study with methodological relevance to core research.,"isotope methods,redox geochemistry,shallow/general groundwater",2026-05-21T04:14:57.706068+00:00,
https://www.sciencedirect.com/science/article/pii/S0016703726002498,Sector-zoned zircon: differential trace element incorporation and implications for petrogenetic indices,https://www.sciencedirect.com/science/article/pii/S0016703726002498?dgcid=rss_sd_all,Geochimica et Cosmochimica Acta,,3,General geochemistry study with limited relevance to hydrogeochemical or isotope research profile.,general geochemistry,2026-05-21T04:14:57.706068+00:00,
https://www.sciencedirect.com/science/article/pii/S0016703726002450,"Reversible anaerobic oxidation of methane, carbon assimilation, and mineral authigenesis in pockmark sediments over the past 40 kyr: Insights from C–S–O isotopes and diagenetic modelling",https://www.sciencedirect.com/science/article/pii/S0016703726002450?dgcid=rss_sd_all,Geochimica et Cosmochimica Acta,,3,General geochemistry study with limited relevance to hydrogeochemical or isotope research profile.,isotope methods,2026-05-21T04:14:57.706068+00:00,
https://www.sciencedirect.com/science/article/pii/S0304389426013890,"Photodegradation behavior, toxicity assessment, and machine learning model of liquid crystal monomers on soil minerals and soils",https://www.sciencedirect.com/science/article/pii/S0304389426013890?dgcid=rss_sd_all,Journal of Hazardous Materials,,3,General geochemistry study with limited relevance to hydrogeochemical or isotope research profile.,general geochemistry,2026-05-21T04:14:57.706068+00:00,
https://www.sciencedirect.com/science/article/pii/S0304389426013336,Coupling generative and predictive machine learning algorithms to enhance haloacetonitriles prediction in small water systems,https://www.sciencedirect.com/science/article/pii/S0304389426013336?dgcid=rss_sd_all,Journal of Hazardous Materials,,3,General geochemistry study with limited relevance to hydrogeochemical or isotope research profile.,general geochemistry,2026-05-21T04:14:57.706068+00:00,
https://www.sciencedirect.com/science/article/pii/S0304389426010356,"Critical review of the influence of charge-assisted hydrogen bonding on fate, transport, and treatment of representative contaminants of emerging concern and natural organic matter",https://www.sciencedirect.com/science/article/pii/S0304389426010356?dgcid=rss_sd_all,Journal of Hazardous Materials,,3,General geochemistry study with limited relevance to hydrogeochemical or isotope research profile.,general geochemistry,2026-05-21T04:14:57.706068+00:00,
https://www.sciencedirect.com/science/article/pii/S0304389426014147,Decoding molecular switches mediating uranium speciation transition in iron-based mineral dynamic phase evolution,https://www.sciencedirect.com/science/article/pii/S0304389426014147?dgcid=rss_sd_all,Journal of Hazardous Materials,,6,Radionuclide aqueous geochemistry with some relevance to disposal site geochemical modeling.,radionuclide geochemistry,2026-05-21T04:14:57.706068+00:00,
https://www.sciencedirect.com/science/article/pii/S0304389426013956,Genomic expansion of efflux pumps is associated with metal-antibiotic super-resistance in bacteria from mining environments,https://www.sciencedirect.com/science/article/pii/S0304389426013956?dgcid=rss_sd_all,Journal of Hazardous Materials,,3,General geochemistry study with limited relevance to hydrogeochemical or isotope research profile.,general geochemistry,2026-05-21T04:14:57.706068+00:00,
https://www.sciencedirect.com/science/article/pii/S0304389426014032,Gas-particle partitioning of typical nonpolar intermediate volatility and semi-volatile hydrocarbons in central China: Implications for source apportionment and health risks,https://www.sciencedirect.com/science/article/pii/S0304389426014032?dgcid=rss_sd_all,Journal of Hazardous Materials,,3,General geochemistry study with limited relevance to hydrogeochemical or isotope research profile.,general geochemistry,2026-05-21T04:14:57.706068+00:00,
https://www.sciencedirect.com/science/article/pii/S0304389426014214,Multimodal detection of microplastics in human kidney stones and multi-omics exploration of renal cell metaflammation,https://www.sciencedirect.com/science/article/pii/S0304389426014214?dgcid=rss_sd_all,Journal of Hazardous Materials,,3,General geochemistry study with limited relevance to hydrogeochemical or isotope research profile.,general geochemistry,2026-05-21T04:14:57.706068+00:00,
https://www.sciencedirect.com/science/article/pii/S0304389426013348,Synergistic foliar titanium and soil organic fertilizer drive terpenoid-mediated microbiome assembly to restrict Cd/Pb uptake in Panax notoginseng,https://www.sciencedirect.com/science/article/pii/S0304389426013348?dgcid=rss_sd_all,Journal of Hazardous Materials,,2,Soil or atmospheric geochemistry study unrelated to groundwater hydrogeochemistry.,soil/atm study,2026-05-21T04:14:57.706068+00:00,
https://www.sciencedirect.com/science/article/pii/S0304389426013488,Co-composting of biodegradable plastic with food waste digestate: Influence of co-composting strategy on plastic fate and nitrogen transformation,https://www.sciencedirect.com/science/article/pii/S0304389426013488?dgcid=rss_sd_all,Journal of Hazardous Materials,,3,General geochemistry study with limited relevance to hydrogeochemical or isotope research profile.,general geochemistry,2026-05-21T04:14:57.706068+00:00,
https://www.sciencedirect.com/science/article/pii/S0304389426013518,Stage-dependent counteracting effects of biochar on arsenic mobilization and immobilization in paddy soil,https://www.sciencedirect.com/science/article/pii/S0304389426013518?dgcid=rss_sd_all,Journal of Hazardous Materials,,3,General geochemistry study with limited relevance to hydrogeochemical or isotope research profile.,general geochemistry,2026-05-21T04:14:57.706068+00:00,
https://www.sciencedirect.com/science/article/pii/S0304389426014202,Polyphenolic polymers for uranium decorporation with radiation protection effect,https://www.sciencedirect.com/science/article/pii/S0304389426014202?dgcid=rss_sd_all,Journal of Hazardous Materials,,6,Radionuclide aqueous geochemistry with some relevance to disposal site geochemical modeling.,radionuclide geochemistry,2026-05-21T04:14:57.706068+00:00,
https://www.sciencedirect.com/science/article/pii/S0304389426014007,LLM-assisted meta-analysis reveals a global shift toward non-radical dominance in peroxymonosulfate-based advanced oxidation,https://www.sciencedirect.com/science/article/pii/S0304389426014007?dgcid=rss_sd_all,Journal of Hazardous Materials,,3,General geochemistry study with limited relevance to hydrogeochemical or isotope research profile.,general geochemistry,2026-05-21T04:14:57.706068+00:00,
https://www.sciencedirect.com/science/article/pii/S0304389426013749,Photochemical C–N coupling via adsorption modulation: Selective synthesis of glycine from waste plastic/biomass-derived polyols and nitrate,https://www.sciencedirect.com/science/article/pii/S0304389426013749?dgcid=rss_sd_all,Journal of Hazardous Materials,,3,General geochemistry study with limited relevance to hydrogeochemical or isotope research profile.,redox geochemistry,2026-05-21T04:14:57.706068+00:00,
https://www.sciencedirect.com/science/article/pii/S0304389426013725,Persistent soil resistome expansion following bacterial inoculation despite successful antibiotic bioremediation,https://www.sciencedirect.com/science/article/pii/S0304389426013725?dgcid=rss_sd_all,Journal of Hazardous Materials,,2,Soil or atmospheric geochemistry study unrelated to groundwater hydrogeochemistry.,soil/atm study,2026-05-21T04:14:57.706068+00:00,
https://www.sciencedirect.com/science/article/pii/S0304389426013397,Efficient capture of Cs + ions by two supertetrahedral cluster-based microporous metal chalcogenides in neutral and alkaline environments,https://www.sciencedirect.com/science/article/pii/S0304389426013397?dgcid=rss_sd_all,Journal of Hazardous Materials,,2,Surface water or marine geochemistry study with no groundwater or isotope hydrogeology relevance.,surface water,2026-05-21T04:14:57.706068+00:00,
https://www.sciencedirect.com/science/article/pii/S0304389426013191,Effects of coprecipitated Al and Si on the phase transformation of ferrihydrite and Sb(V) immobilization: Interactions and reaction mechanisms,https://www.sciencedirect.com/science/article/pii/S0304389426013191?dgcid=rss_sd_all,Journal of Hazardous Materials,,3,General geochemistry study with limited relevance to hydrogeochemical or isotope research profile.,general geochemistry,2026-05-21T04:14:57.706068+00:00,
https://www.sciencedirect.com/science/article/pii/S0304389426013919,FRET-PET regulated semiconducting polymer dots for ultrasensitive and portable ratiometric detection of benzoyl peroxide,https://www.sciencedirect.com/science/article/pii/S0304389426013919?dgcid=rss_sd_all,Journal of Hazardous Materials,,3,General geochemistry study with limited relevance to hydrogeochemical or isotope research profile.,general geochemistry,2026-05-21T04:14:57.706068+00:00,
https://www.sciencedirect.com/science/article/pii/S0304389426013531,Phase behavior of Tween 80/SDBS mixed microemulsions and mechanistic insights into enhanced oil separation from aged oily sludge,https://www.sciencedirect.com/science/article/pii/S0304389426013531?dgcid=rss_sd_all,Journal of Hazardous Materials,,3,General geochemistry study with limited relevance to hydrogeochemical or isotope research profile.,general geochemistry,2026-05-21T04:14:57.706068+00:00,
https://www.sciencedirect.com/science/article/pii/S0304389426013324,Low-dose PFOS exposure exacerbates rheumatoid arthritis via SIRT2–PAD4–mediated macrophage pyroptosis,https://www.sciencedirect.com/science/article/pii/S0304389426013324?dgcid=rss_sd_all,Journal of Hazardous Materials,,3,General geochemistry study with limited relevance to hydrogeochemical or isotope research profile.,general geochemistry,2026-05-21T04:14:57.706068+00:00,
https://www.sciencedirect.com/science/article/pii/S0304389426013920,Boosting U(VI) extraction and existing organic degradation as well as electricity production from wastewater and seawater by a solar-driven multifunctional photocatalytic fuel cell decorated with ZnS/CF cathode,https://www.sciencedirect.com/science/article/pii/S0304389426013920?dgcid=rss_sd_all,Journal of Hazardous Materials,,2,Surface water or marine geochemistry study with no groundwater or isotope hydrogeology relevance.,surface water,2026-05-21T04:14:57.706068+00:00,
https://www.sciencedirect.com/science/article/pii/S0304389426013841,Multi-metal contamination is associated with microbial network simplification and functional adaptation in paddy soils: Insights from genome-resolved metagenomics,https://www.sciencedirect.com/science/article/pii/S0304389426013841?dgcid=rss_sd_all,Journal of Hazardous Materials,,3,General geochemistry study with limited relevance to hydrogeochemical or isotope research profile.,general geochemistry,2026-05-21T04:14:57.706068+00:00,
https://www.sciencedirect.com/science/article/pii/S0304389426014044,Three-dimensional distribution of roadside airborne/tire-wear particles and implications for pedestrian exposure,https://www.sciencedirect.com/science/article/pii/S0304389426014044?dgcid=rss_sd_all,Journal of Hazardous Materials,,3,General geochemistry study with limited relevance to hydrogeochemical or isotope research profile.,general geochemistry,2026-05-21T04:14:57.706068+00:00,
https://www.sciencedirect.com/science/article/pii/S0304389426013944,ClO₂-induced VBNC state in Enterococcus faecalis poses a health risk in drinking water systems,https://www.sciencedirect.com/science/article/pii/S0304389426013944?dgcid=rss_sd_all,Journal of Hazardous Materials,,3,General geochemistry study with limited relevance to hydrogeochemical or isotope research profile.,general geochemistry,2026-05-21T04:14:57.706068+00:00,
https://www.sciencedirect.com/science/article/pii/S0304389426013609,Integrating horizontal-vertical heterogeneity and environmental factors to unravel heavy metal distributions and phytoaccumulation in a soil-maize system,https://www.sciencedirect.com/science/article/pii/S0304389426013609?dgcid=rss_sd_all,Journal of Hazardous Materials,,2,Soil or atmospheric geochemistry study unrelated to groundwater hydrogeochemistry.,soil/atm study,2026-05-21T04:14:57.706068+00:00,
https://www.sciencedirect.com/science/article/pii/S0304389426012434,Advancing safe and value-added Hydrilla verticillata silage: multi-omics deciphering of Lactiplantibacillus plantarum mediated pesticide detoxification and antibiotic resistance genes attenuation based on AI-autonomous learning,https://www.sciencedirect.com/science/article/pii/S0304389426012434?dgcid=rss_sd_all,Journal of Hazardous Materials,,3,General geochemistry study with limited relevance to hydrogeochemical or isotope research profile.,general geochemistry,2026-05-21T04:14:57.706068+00:00,
https://www.sciencedirect.com/science/article/pii/S030438942601383X,"Developmental and systemic toxicity of the triazole fungicide tetraconazole in zebrafish: Integrated evidence from ER stress, apoptosis, and metabolomic disruption",https://www.sciencedirect.com/science/article/pii/S030438942601383X?dgcid=rss_sd_all,Journal of Hazardous Materials,,3,General geochemistry study with limited relevance to hydrogeochemical or isotope research profile.,general geochemistry,2026-05-21T04:14:57.706068+00:00,
https://www.sciencedirect.com/science/article/pii/S030438942601349X,The altitude-toxicity paradox: Biodiesel blends reduce particulate mass but elevate calculated PAH Toxic equivalency under simulated highland conditions,https://www.sciencedirect.com/science/article/pii/S030438942601349X?dgcid=rss_sd_all,Journal of Hazardous Materials,,3,General geochemistry study with limited relevance to hydrogeochemical or isotope research profile.,general geochemistry,2026-05-21T04:14:57.706068+00:00,
https://www.sciencedirect.com/science/article/pii/S0304389426013671,Nanobubbles alleviate iron-mediated cell death in algae-bacteria symbiotic systems under sulfamethoxazole stress: Insights into electron transfer and ferrikinetics,https://www.sciencedirect.com/science/article/pii/S0304389426013671?dgcid=rss_sd_all,Journal of Hazardous Materials,,3,General geochemistry study with limited relevance to hydrogeochemical or isotope research profile.,general geochemistry,2026-05-21T04:14:57.706068+00:00,
https://www.sciencedirect.com/science/article/pii/S0304389426013816,Is BPA only the tip of the iceberg? Occurrence and risk assessment of 32 bisphenol analogues in landfill leachate,https://www.sciencedirect.com/science/article/pii/S0304389426013816?dgcid=rss_sd_all,Journal of Hazardous Materials,,3,General geochemistry study with limited relevance to hydrogeochemical or isotope research profile.,general geochemistry,2026-05-21T04:14:57.706068+00:00,
https://www.sciencedirect.com/science/article/pii/S0304389426013981,Mobile phone cases as hotspots for perfluoroalkyl substances and pathogenic bacteria: An analysis based on user habits,https://www.sciencedirect.com/science/article/pii/S0304389426013981?dgcid=rss_sd_all,Journal of Hazardous Materials,,3,General geochemistry study with limited relevance to hydrogeochemical or isotope research profile.,general geochemistry,2026-05-21T04:14:57.706068+00:00,
https://www.sciencedirect.com/science/article/pii/S0304389426013786,Environmental cadmium drives placental senescence and fetal growth restriction via activating CLPP-dependent mitochondrial stress,https://www.sciencedirect.com/science/article/pii/S0304389426013786?dgcid=rss_sd_all,Journal of Hazardous Materials,,3,General geochemistry study with limited relevance to hydrogeochemical or isotope research profile.,general geochemistry,2026-05-21T04:14:57.706068+00:00,
https://www.sciencedirect.com/science/article/pii/S0304389426013312,Contamination characteristics and airflow regulated transport of microbial aerosols in a hospital respiratory ward,https://www.sciencedirect.com/science/article/pii/S0304389426013312?dgcid=rss_sd_all,Journal of Hazardous Materials,,2,Soil or atmospheric geochemistry study unrelated to groundwater hydrogeochemistry.,soil/atm study,2026-05-21T04:14:57.706068+00:00,
https://www.sciencedirect.com/science/article/pii/S0304389426013476,Decoupling the role of pad materials in brake wear particulate emissions using the UN GTR-24 test method toward non-exhaust PM management,https://www.sciencedirect.com/science/article/pii/S0304389426013476?dgcid=rss_sd_all,Journal of Hazardous Materials,,3,General geochemistry study with limited relevance to hydrogeochemical or isotope research profile.,general geochemistry,2026-05-21T04:14:57.706068+00:00,
https://www.sciencedirect.com/science/article/pii/S0304389426013415,Biodegradable nanoplastics pose a greater risk: Polylactic acid exceeds polystyrene in phytotoxicity and bioaccumulation in lettuce,https://www.sciencedirect.com/science/article/pii/S0304389426013415?dgcid=rss_sd_all,Journal of Hazardous Materials,,3,General geochemistry study with limited relevance to hydrogeochemical or isotope research profile.,general geochemistry,2026-05-21T04:14:57.706068+00:00,
https://www.sciencedirect.com/science/article/pii/S0304389426013506,Freezing enhanced transformation of sulfamethoxazole by MnO 2,https://www.sciencedirect.com/science/article/pii/S0304389426013506?dgcid=rss_sd_all,Journal of Hazardous Materials,,3,General geochemistry study with limited relevance to hydrogeochemical or isotope research profile.,redox geochemistry,2026-05-21T04:14:57.706068+00:00,
https://www.sciencedirect.com/science/article/pii/S0304389426013270,Convergent shifts in microbial communities: Petroleum hydrocarbon contamination suppresses matrix heterogeneity,https://www.sciencedirect.com/science/article/pii/S0304389426013270?dgcid=rss_sd_all,Journal of Hazardous Materials,,6,Groundwater isotope hydrogeochemistry — methodologically relevant but focuses on shallow systems.,"isotope methods,shallow/general groundwater,ML+hydrogeochem",2026-05-21T04:14:57.706068+00:00,
https://www.sciencedirect.com/science/article/pii/S0304389426013300,Simultaneous real-time estimation of airborne bacterial and fungal concentrations for indoor bioaerosol exposure surveillance via adenosine triphosphate (ATP) bioluminescence,https://www.sciencedirect.com/science/article/pii/S0304389426013300?dgcid=rss_sd_all,Journal of Hazardous Materials,,3,General geochemistry study with limited relevance to hydrogeochemical or isotope research profile.,general geochemistry,2026-05-21T04:14:57.706068+00:00,
https://www.sciencedirect.com/science/article/pii/S0304389426013567,Facile low-temperature synthesis of a bacillus subtilis-inspired ionic liquid demulsifier with multiple hydrophilic heads,https://www.sciencedirect.com/science/article/pii/S0304389426013567?dgcid=rss_sd_all,Journal of Hazardous Materials,,3,General geochemistry study with limited relevance to hydrogeochemical or isotope research profile.,general geochemistry,2026-05-21T04:14:57.706068+00:00,
https://www.sciencedirect.com/science/article/pii/S0304389426013713,Micro-nano biochar interfaces promote adsorption-reduction coupling to accelerate bioelectrodechlorination in groundwater,https://www.sciencedirect.com/science/article/pii/S0304389426013713?dgcid=rss_sd_all,Journal of Hazardous Materials,,6,Groundwater isotope hydrogeochemistry — methodologically relevant but focuses on shallow systems.,"isotope methods,shallow/general groundwater",2026-05-21T04:14:57.706068+00:00,
https://www.sciencedirect.com/science/article/pii/S0304389426013439,Benzo[ a ]pyrene induces non-alcoholic fatty liver disease by exacerbating hepatic senescence and disrupting gut-liver axis in zebrafish,https://www.sciencedirect.com/science/article/pii/S0304389426013439?dgcid=rss_sd_all,Journal of Hazardous Materials,,3,General geochemistry study with limited relevance to hydrogeochemical or isotope research profile.,general geochemistry,2026-05-21T04:14:57.706068+00:00,
https://www.sciencedirect.com/science/article/pii/S0304389426013683,"Photocatalysis-microalgae coupled system for ciprofloxacin-containing agricultural wastewater treatment: Pollutant removal, carbon fixation and synergistic relationship",https://www.sciencedirect.com/science/article/pii/S0304389426013683?dgcid=rss_sd_all,Journal of Hazardous Materials,,3,General geochemistry study with limited relevance to hydrogeochemical or isotope research profile.,general geochemistry,2026-05-21T04:14:57.706068+00:00,
https://www.sciencedirect.com/science/article/pii/S0304389426013580,Chemical speciation and release characteristics in different environments of heavy metals in thermally activated red mud,https://www.sciencedirect.com/science/article/pii/S0304389426013580?dgcid=rss_sd_all,Journal of Hazardous Materials,,3,General geochemistry study with limited relevance to hydrogeochemical or isotope research profile.,general geochemistry,2026-05-21T04:14:57.706068+00:00,
https://www.sciencedirect.com/science/article/pii/S0304389426013750,One-step transformation of hazardous WPCBs into 4N-grade copper via slurry electrolysis: Leveraging the Cu-NH 3 -Cl synergistic cycle for sustainability,https://www.sciencedirect.com/science/article/pii/S0304389426013750?dgcid=rss_sd_all,Journal of Hazardous Materials,,3,General geochemistry study with limited relevance to hydrogeochemical or isotope research profile.,general geochemistry,2026-05-21T04:14:57.706068+00:00,
https://www.sciencedirect.com/science/article/pii/S0304389426013129,Mercury bioaccumulation patterns and toxicological risk across tissues in the Black-browed albatross ( Thalassarche melanophris ) from the Southwestern Atlantic,https://www.sciencedirect.com/science/article/pii/S0304389426013129?dgcid=rss_sd_all,Journal of Hazardous Materials,,3,General geochemistry study with limited relevance to hydrogeochemical or isotope research profile.,general geochemistry,2026-05-21T04:14:57.706068+00:00,
https://www.sciencedirect.com/science/article/pii/S0304389426013695,Electron‑flow‑driven synergistic mineralization of naphthalene by an S‑N‑doped biochar‑bridged engineered consortium,https://www.sciencedirect.com/science/article/pii/S0304389426013695?dgcid=rss_sd_all,Journal of Hazardous Materials,,3,General geochemistry study with limited relevance to hydrogeochemical or isotope research profile.,general geochemistry,2026-05-21T04:14:57.706068+00:00,
https://www.sciencedirect.com/science/article/pii/S0304389426013233,Aftertreatment technologies alleviate SOAFP and toxic effects of BTEX in diesel engine exhaust,https://www.sciencedirect.com/science/article/pii/S0304389426013233?dgcid=rss_sd_all,Journal of Hazardous Materials,,3,General geochemistry study with limited relevance to hydrogeochemical or isotope research profile.,general geochemistry,2026-05-21T04:14:57.706068+00:00,
https://www.sciencedirect.com/science/article/pii/S0304389426013154,Benzene-induced myelosuppression confers a survival advantage to hematopoietic progenitors: Single-cell analysis of malignant transformation dynamics in a murine model,https://www.sciencedirect.com/science/article/pii/S0304389426013154?dgcid=rss_sd_all,Journal of Hazardous Materials,,3,General geochemistry study with limited relevance to hydrogeochemical or isotope research profile.,general geochemistry,2026-05-21T04:14:57.706068+00:00,
https://www.sciencedirect.com/science/article/pii/S0304389426013294,Association of microplastic pollution with coral resilience in the presence of sea surface temperature anomalies,https://www.sciencedirect.com/science/article/pii/S0304389426013294?dgcid=rss_sd_all,Journal of Hazardous Materials,,2,Surface water or marine geochemistry study with no groundwater or isotope hydrogeology relevance.,surface water,2026-05-21T04:14:57.706068+00:00,
https://www.sciencedirect.com/science/article/pii/S030438942601335X,"Chemical complexity and enrichment in wildland–urban interface fire emissions: A case study of particulate matter, gas-phase pollutants, and ash from the 2025 Los Angeles fires",https://www.sciencedirect.com/science/article/pii/S030438942601335X?dgcid=rss_sd_all,Journal of Hazardous Materials,,3,General geochemistry study with limited relevance to hydrogeochemical or isotope research profile.,general geochemistry,2026-05-21T04:14:57.706068+00:00,
https://www.sciencedirect.com/science/article/pii/S0304389426013385,Carboxyl-rich carbon triggers radical-dominated oxidation in the Cr(VI)/S(IV) system via ligand-exchange and interfacial electron transfer,https://www.sciencedirect.com/science/article/pii/S0304389426013385?dgcid=rss_sd_all,Journal of Hazardous Materials,,3,General geochemistry study with limited relevance to hydrogeochemical or isotope research profile.,general geochemistry,2026-05-21T04:14:57.706068+00:00,
https://www.sciencedirect.com/science/article/pii/S0304389426013178,Temperature-dependent biofilm and sublancin production arrest soil arsenic and antibiotic resistance gene mobility,https://www.sciencedirect.com/science/article/pii/S0304389426013178?dgcid=rss_sd_all,Journal of Hazardous Materials,,2,Soil or atmospheric geochemistry study unrelated to groundwater hydrogeochemistry.,soil/atm study,2026-05-21T04:14:57.706068+00:00,
https://www.sciencedirect.com/science/article/pii/S0304389426013208,Silica-coated nanosized zero-valent iron/persulfate system for sequential reduction–oxidation remediation of subsurface contamination: A feasibility study,https://www.sciencedirect.com/science/article/pii/S0304389426013208?dgcid=rss_sd_all,Journal of Hazardous Materials,,5,General groundwater geochemistry study with limited isotope or redox content.,shallow/general groundwater,2026-05-21T04:14:57.706068+00:00,
https://www.sciencedirect.com/science/article/pii/S0304389426012975,Derivation of an ecological effect-based trigger value for assessment of androgenic activity in water,https://www.sciencedirect.com/science/article/pii/S0304389426012975?dgcid=rss_sd_all,Journal of Hazardous Materials,,3,General geochemistry study with limited relevance to hydrogeochemical or isotope research profile.,general geochemistry,2026-05-21T04:14:57.706068+00:00,
https://www.sciencedirect.com/science/article/pii/S0304389426013063,Mechanistic insights into antimony immobilization by sulfur-metabolizing microorganisms under alternating oxic-anoxic conditions,https://www.sciencedirect.com/science/article/pii/S0304389426013063?dgcid=rss_sd_all,Journal of Hazardous Materials,,3,General geochemistry study with limited relevance to hydrogeochemical or isotope research profile.,general geochemistry,2026-05-21T04:14:57.706068+00:00,
https://www.sciencedirect.com/science/article/pii/S0304389426013245,Worldwide accumulation of atmospheric mercury in glacial cryoconite,https://www.sciencedirect.com/science/article/pii/S0304389426013245?dgcid=rss_sd_all,Journal of Hazardous Materials,,2,Soil or atmospheric geochemistry study unrelated to groundwater hydrogeochemistry.,soil/atm study,2026-05-21T04:14:57.706068+00:00,
https://www.sciencedirect.com/science/article/pii/S0304389426013269,"Integrated phenotypic, physiological, transcriptomic and metabolomic analyses uncover the mechanisms underlying root and leaf responses of Osmanthus fragrans to Pb toxicity",https://www.sciencedirect.com/science/article/pii/S0304389426013269?dgcid=rss_sd_all,Journal of Hazardous Materials,,3,General geochemistry study with limited relevance to hydrogeochemical or isotope research profile.,general geochemistry,2026-05-21T04:14:57.706068+00:00,
https://www.sciencedirect.com/science/article/pii/S0304389426013257,Nano-polystyrene influences energy flow dynamics in stream brown-green food chains: Evidence from feeding preference shifts of a river snail,https://www.sciencedirect.com/science/article/pii/S0304389426013257?dgcid=rss_sd_all,Journal of Hazardous Materials,,2,Surface water or marine geochemistry study with no groundwater or isotope hydrogeology relevance.,surface water,2026-05-21T04:14:57.706068+00:00,
https://www.sciencedirect.com/science/article/pii/S0304389426013579,Capturing nanoplastics through a collagen fibrous membrane with hierarchical functional surfaces,https://www.sciencedirect.com/science/article/pii/S0304389426013579?dgcid=rss_sd_all,Journal of Hazardous Materials,,3,General geochemistry study with limited relevance to hydrogeochemical or isotope research profile.,general geochemistry,2026-05-21T04:14:57.706068+00:00,
https://www.sciencedirect.com/science/article/pii/S0304389426012227,From rapid reduction to stable immobilization: A regenerative 4D FeMgAl layered double hydroxide–microbial strategy for chromium remediation,https://www.sciencedirect.com/science/article/pii/S0304389426012227?dgcid=rss_sd_all,Journal of Hazardous Materials,,3,General geochemistry study with limited relevance to hydrogeochemical or isotope research profile.,redox geochemistry,2026-05-21T04:14:57.706068+00:00,
https://www.sciencedirect.com/science/article/pii/S0304389426013026,Target-oriented molecularly imprinted polymers enable rapid ambient ionization mass spectrometric analysis of trace tetrachlorobisphenol a in environmental samples,https://www.sciencedirect.com/science/article/pii/S0304389426013026?dgcid=rss_sd_all,Journal of Hazardous Materials,,3,General geochemistry study with limited relevance to hydrogeochemical or isotope research profile.,general geochemistry,2026-05-21T04:14:57.706068+00:00,
https://www.sciencedirect.com/science/article/pii/S0304389426013221,"Partitioning, mobility and persistence of PFAS in biosolids-based compost products across solid and aqueous matrices",https://www.sciencedirect.com/science/article/pii/S0304389426013221?dgcid=rss_sd_all,Journal of Hazardous Materials,,5,General groundwater geochemistry study with limited isotope or redox content.,shallow/general groundwater,2026-05-21T04:14:57.706068+00:00,
https://www.sciencedirect.com/science/article/pii/S0304389426010289,PFOA-mineral surface complexation and multicomponent reactive transport under static and dynamic hydrochemistry,https://www.sciencedirect.com/science/article/pii/S0304389426010289?dgcid=rss_sd_all,Journal of Hazardous Materials,,3,General geochemistry study with limited relevance to hydrogeochemical or isotope research profile.,general geochemistry,2026-05-21T04:14:57.706068+00:00,
https://www.sciencedirect.com/science/article/pii/S0304389426013592,Release patterns of long-term potentially toxic elements from coal and gangue in Ordos and adjacent regions,https://www.sciencedirect.com/science/article/pii/S0304389426013592?dgcid=rss_sd_all,Journal of Hazardous Materials,,3,General geochemistry study with limited relevance to hydrogeochemical or isotope research profile.,general geochemistry,2026-05-21T04:14:57.706068+00:00,
https://www.sciencedirect.com/science/article/pii/S0304389426013440,Transport of functionalized nanoplastics in goethite-coated saturated porous media: Synergistic effect of polyacrylamide coupled with solution chemistry,https://www.sciencedirect.com/science/article/pii/S0304389426013440?dgcid=rss_sd_all,Journal of Hazardous Materials,,7,Deep groundwater hydrogeochemistry study with relevant overlap to core research focus.,deep groundwater,2026-05-21T04:14:57.706068+00:00,
https://www.sciencedirect.com/science/article/pii/S030438942601294X,H3K18 lactylation-regulated ATG10 is involved in the acute respiratory distress syndrome induced by acute exposure to hydrogen sulfide through activation of autophagy in lung epithelial cells,https://www.sciencedirect.com/science/article/pii/S030438942601294X?dgcid=rss_sd_all,Journal of Hazardous Materials,,3,General geochemistry study with limited relevance to hydrogeochemical or isotope research profile.,general geochemistry,2026-05-21T04:14:57.706068+00:00,
https://www.sciencedirect.com/science/article/pii/S030438942601321X,"Variability, transport, and fate of riverine perfluorooctanoic acid (PFOA) in a heavily PFOA-impacted coastal sea",https://www.sciencedirect.com/science/article/pii/S030438942601321X?dgcid=rss_sd_all,Journal of Hazardous Materials,,2,Surface water or marine geochemistry study with no groundwater or isotope hydrogeology relevance.,surface water,2026-05-21T04:14:57.706068+00:00,
https://www.sciencedirect.com/science/article/pii/S0304389426013373,Acetochlor disrupts the maternal effect of food restriction in lizards ( Eremias argus ): Evidence from intergenerational growth and embryonic development,https://www.sciencedirect.com/science/article/pii/S0304389426013373?dgcid=rss_sd_all,Journal of Hazardous Materials,,3,General geochemistry study with limited relevance to hydrogeochemical or isotope research profile.,general geochemistry,2026-05-21T04:14:57.706068+00:00,
https://www.sciencedirect.com/science/article/pii/S030438942601318X,Unveiling the mechanisms of oxidative stress-mediated multi-pathway programmed cell death in Ruditapes philippinarum exposed to butylated hydroxytoluene (BHT),https://www.sciencedirect.com/science/article/pii/S030438942601318X?dgcid=rss_sd_all,Journal of Hazardous Materials,,3,General geochemistry study with limited relevance to hydrogeochemical or isotope research profile.,general geochemistry,2026-05-21T04:14:57.706068+00:00,
https://www.sciencedirect.com/science/article/pii/S0304389426013087,Targeted sequestration of antimony via adsorption-induced topological transformation on supramolecular microcrystal-functionalized biochar,https://www.sciencedirect.com/science/article/pii/S0304389426013087?dgcid=rss_sd_all,Journal of Hazardous Materials,,3,General geochemistry study with limited relevance to hydrogeochemical or isotope research profile.,general geochemistry,2026-05-21T04:14:57.706068+00:00,
https://www.sciencedirect.com/science/article/pii/S0304389426013361,Multispecies toxicity evaluation of extractable chemicals from commercial biodegradable plastic products,https://www.sciencedirect.com/science/article/pii/S0304389426013361?dgcid=rss_sd_all,Journal of Hazardous Materials,,3,General geochemistry study with limited relevance to hydrogeochemical or isotope research profile.,general geochemistry,2026-05-21T04:14:57.706068+00:00,
https://www.sciencedirect.com/science/article/pii/S0304389426013452,Mechanical aging of tire microplastics enhances the bioavailability of pre-adsorbed 17 β ‑estradiol in goldfish,https://www.sciencedirect.com/science/article/pii/S0304389426013452?dgcid=rss_sd_all,Journal of Hazardous Materials,,3,General geochemistry study with limited relevance to hydrogeochemical or isotope research profile.,isotope methods,2026-05-21T04:14:57.706068+00:00,
https://www.sciencedirect.com/science/article/pii/S030438942601143X,Increased microbiological risks caused by extreme precipitation in a drinking water system in mountainous area: From source to tap,https://www.sciencedirect.com/science/article/pii/S030438942601143X?dgcid=rss_sd_all,Journal of Hazardous Materials,,3,General geochemistry study with limited relevance to hydrogeochemical or isotope research profile.,general geochemistry,2026-05-21T04:14:57.706068+00:00,
https://www.sciencedirect.com/science/article/pii/S0304389426013403,From waste to resource: Fly ash regeneration salt recycling based on chlor-alkali production,https://www.sciencedirect.com/science/article/pii/S0304389426013403?dgcid=rss_sd_all,Journal of Hazardous Materials,,3,General geochemistry study with limited relevance to hydrogeochemical or isotope research profile.,general geochemistry,2026-05-21T04:14:57.706068+00:00,
https://www.sciencedirect.com/science/article/pii/S0304389426012768,Overwintering waterbirds are important reservoirs for the spread of antibiotic resistance genes (ARGs): Shared patterns at the waterbird-environment interface and the risk of horizontal transfer,https://www.sciencedirect.com/science/article/pii/S0304389426012768?dgcid=rss_sd_all,Journal of Hazardous Materials,,2,Surface water or marine geochemistry study with no groundwater or isotope hydrogeology relevance.,surface water,2026-05-21T04:14:57.706068+00:00,
https://www.sciencedirect.com/science/article/pii/S0304389426012537,Attapulgite-supported nanoscale zero-valent iron promotes iron cycling and microbial synergy for the simultaneous remediation of cadmium and arsenic in paddy soils,https://www.sciencedirect.com/science/article/pii/S0304389426012537?dgcid=rss_sd_all,Journal of Hazardous Materials,,3,General geochemistry study with limited relevance to hydrogeochemical or isotope research profile.,general geochemistry,2026-05-21T04:14:57.706068+00:00,
https://www.sciencedirect.com/science/article/pii/S0304389426013166,Hidden pathways: Detection and quantification of microplastics across treatment stages of pharmaceutical WWTPs,https://www.sciencedirect.com/science/article/pii/S0304389426013166?dgcid=rss_sd_all,Journal of Hazardous Materials,,3,General geochemistry study with limited relevance to hydrogeochemical or isotope research profile.,general geochemistry,2026-05-21T04:14:57.706068+00:00,
https://www.sciencedirect.com/science/article/pii/S0304389426013002,Hierarchically porous copper for sulfamethoxazole degradation through peroxymonosulfate activation: Role of atomic step and evolution of Cu(III),https://www.sciencedirect.com/science/article/pii/S0304389426013002?dgcid=rss_sd_all,Journal of Hazardous Materials,,3,General geochemistry study with limited relevance to hydrogeochemical or isotope research profile.,redox geochemistry,2026-05-21T04:14:57.706068+00:00,
https://www.sciencedirect.com/science/article/pii/S030438942601263X,The response mechanisms of a newly isolated vanadium-tolerant Priestia aryabhattai ST-1 to pentavalent vanadium: Evidence from transcriptomic analysis,https://www.sciencedirect.com/science/article/pii/S030438942601263X?dgcid=rss_sd_all,Journal of Hazardous Materials,,3,General geochemistry study with limited relevance to hydrogeochemical or isotope research profile.,general geochemistry,2026-05-21T04:14:57.706068+00:00,
https://www.sciencedirect.com/science/article/pii/S0304389426011660,Shifting relative importance of vegetation filtering and cold trapping in PCB deposition along a 1000 km transect toward the Qinghai–Tibet Plateau,https://www.sciencedirect.com/science/article/pii/S0304389426011660?dgcid=rss_sd_all,Journal of Hazardous Materials,,3,General geochemistry study with limited relevance to hydrogeochemical or isotope research profile.,general geochemistry,2026-05-21T04:14:57.706068+00:00,
https://www.sciencedirect.com/science/article/pii/S0304389426012203,Long-term anaerobic conversion of lindane by electrochemically generated hydrogen,https://www.sciencedirect.com/science/article/pii/S0304389426012203?dgcid=rss_sd_all,Journal of Hazardous Materials,,3,General geochemistry study with limited relevance to hydrogeochemical or isotope research profile.,general geochemistry,2026-05-21T04:14:57.706068+00:00,
https://www.sciencedirect.com/science/article/pii/S0304389426013099,How microplastics affect nitrogen removal in nature-based stormwater infrastructures: A machine learning and meta-analysis study,https://www.sciencedirect.com/science/article/pii/S0304389426013099?dgcid=rss_sd_all,Journal of Hazardous Materials,,3,General geochemistry study with limited relevance to hydrogeochemical or isotope research profile.,general geochemistry,2026-05-21T04:14:57.706068+00:00,
https://www.sciencedirect.com/science/article/pii/S0304389426013014,Modulating tenorite-based bimetallic electrocatalysts for highly selective ammonia oxidation to N 2,https://www.sciencedirect.com/science/article/pii/S0304389426013014?dgcid=rss_sd_all,Journal of Hazardous Materials,,3,General geochemistry study with limited relevance to hydrogeochemical or isotope research profile.,redox geochemistry,2026-05-21T04:14:57.706068+00:00,
https://www.sciencedirect.com/science/article/pii/S0304389426013117,Trace-level simultaneous monitoring of multiple heavy metal ions using AlScN-based flexible electrochemical sensor,https://www.sciencedirect.com/science/article/pii/S0304389426013117?dgcid=rss_sd_all,Journal of Hazardous Materials,,3,General geochemistry study with limited relevance to hydrogeochemical or isotope research profile.,general geochemistry,2026-05-21T04:14:57.706068+00:00,
https://www.sciencedirect.com/science/article/pii/S0304389426013051,Extracellular polymeric substances enhanced persulfate treatment of polychlorinated biphenyls in soil: Removal efficiency and mechanistic insights,https://www.sciencedirect.com/science/article/pii/S0304389426013051?dgcid=rss_sd_all,Journal of Hazardous Materials,,3,General geochemistry study with limited relevance to hydrogeochemical or isotope research profile.,general geochemistry,2026-05-21T04:14:57.706068+00:00,
https://www.sciencedirect.com/science/article/pii/S0304389426012756,Dual-tuning of morphology and coordination in single-atom catalysts via organic linker engineering for singlet oxygen-dominated Fenton-like reactions,https://www.sciencedirect.com/science/article/pii/S0304389426012756?dgcid=rss_sd_all,Journal of Hazardous Materials,,3,General geochemistry study with limited relevance to hydrogeochemical or isotope research profile.,redox geochemistry,2026-05-21T04:14:57.706068+00:00,
https://www.sciencedirect.com/science/article/pii/S0304389426012616,Natural antimicrobial composite membranes for effective filtration and inactivation of airborne bacteria and viruses,https://www.sciencedirect.com/science/article/pii/S0304389426012616?dgcid=rss_sd_all,Journal of Hazardous Materials,,3,General geochemistry study with limited relevance to hydrogeochemical or isotope research profile.,general geochemistry,2026-05-21T04:14:57.706068+00:00,
https://www.sciencedirect.com/science/article/pii/S0304389426012689,Quantifying nanoplastic cellular interactions and uptake pathways by label-free plasmonic imaging,https://www.sciencedirect.com/science/article/pii/S0304389426012689?dgcid=rss_sd_all,Journal of Hazardous Materials,,3,General geochemistry study with limited relevance to hydrogeochemical or isotope research profile.,general geochemistry,2026-05-21T04:14:57.706068+00:00,
https://www.sciencedirect.com/science/article/pii/S0304389426013038,Immobilized Ni-Ce bimetal catalysts enhanced ozonation oxidation of refractory organics in swine wastewater,https://www.sciencedirect.com/science/article/pii/S0304389426013038?dgcid=rss_sd_all,Journal of Hazardous Materials,,3,General geochemistry study with limited relevance to hydrogeochemical or isotope research profile.,redox geochemistry,2026-05-21T04:14:57.706068+00:00,
https://www.sciencedirect.com/science/article/pii/S0304389426012963,PM 2.5 constituents and hospitalizations for a wide spectrum of digestive diseases exacerbation: Insights from a nationwide case-crossover study with mixed-exposure model,https://www.sciencedirect.com/science/article/pii/S0304389426012963?dgcid=rss_sd_all,Journal of Hazardous Materials,,3,General geochemistry study with limited relevance to hydrogeochemical or isotope research profile.,general geochemistry,2026-05-21T04:14:57.706068+00:00,
https://www.sciencedirect.com/science/article/pii/S0304389426012690,A robust immobilized system using Rhodococcus pyridinivorans YY802 for the efficient dissipation of refractory monomethylanilines in wastewater,https://www.sciencedirect.com/science/article/pii/S0304389426012690?dgcid=rss_sd_all,Journal of Hazardous Materials,,3,General geochemistry study with limited relevance to hydrogeochemical or isotope research profile.,general geochemistry,2026-05-21T04:14:57.706068+00:00,
https://www.sciencedirect.com/science/article/pii/S0304389426012835,Overcoming the source identification barrier: A critical tool for realistic risk assessment of CeO₂ nanoparticles in agroecosystems,https://www.sciencedirect.com/science/article/pii/S0304389426012835?dgcid=rss_sd_all,Journal of Hazardous Materials,,3,General geochemistry study with limited relevance to hydrogeochemical or isotope research profile.,general geochemistry,2026-05-21T04:14:57.706068+00:00,
https://www.sciencedirect.com/science/article/pii/S0304389426012793,Hydroxyl radical bursts triggered by long-term nitrate accumulation accelerate deep soil organic carbon mineralization,https://www.sciencedirect.com/science/article/pii/S0304389426012793?dgcid=rss_sd_all,Journal of Hazardous Materials,,2,Soil or atmospheric geochemistry study unrelated to groundwater hydrogeochemistry.,"redox geochemistry,soil/atm study",2026-05-21T04:14:57.706068+00:00,
https://www.sciencedirect.com/science/article/pii/S0304389426012938,Combined effects of extreme heat and NO 2 on liver disease progression of T2DM mice,https://www.sciencedirect.com/science/article/pii/S0304389426012938?dgcid=rss_sd_all,Journal of Hazardous Materials,,3,General geochemistry study with limited relevance to hydrogeochemical or isotope research profile.,general geochemistry,2026-05-21T04:14:57.706068+00:00,
https://www.sciencedirect.com/science/article/pii/S0304389426012501,Zearalenone induces hepatic metabolic disruption in common carp: Multi-omics evidence linking to the gut microbiota–PPARδ axis,https://www.sciencedirect.com/science/article/pii/S0304389426012501?dgcid=rss_sd_all,Journal of Hazardous Materials,,3,General geochemistry study with limited relevance to hydrogeochemical or isotope research profile.,general geochemistry,2026-05-21T04:14:57.706068+00:00,
https://www.sciencedirect.com/science/article/pii/S0304389426012951,Elevated serum levels of perfluorophosphonates among elderly residents living near e-waste dismantling areas and their associations with glucose homeostasis,https://www.sciencedirect.com/science/article/pii/S0304389426012951?dgcid=rss_sd_all,Journal of Hazardous Materials,,3,General geochemistry study with limited relevance to hydrogeochemical or isotope research profile.,general geochemistry,2026-05-21T04:14:57.706068+00:00,
https://www.sciencedirect.com/science/article/pii/S0304389426012720,Priority control list of PFASs' effects on green algae photosynthesis through an in silico approach: Non-negligible ecological risks of emerging alternatives,https://www.sciencedirect.com/science/article/pii/S0304389426012720?dgcid=rss_sd_all,Journal of Hazardous Materials,,3,General geochemistry study with limited relevance to hydrogeochemical or isotope research profile.,general geochemistry,2026-05-21T04:14:57.706068+00:00,
https://www.sciencedirect.com/science/article/pii/S0304389426013142,Metric-dependent effects of microplastics on environmental antibiotic resistomes,https://www.sciencedirect.com/science/article/pii/S0304389426013142?dgcid=rss_sd_all,Journal of Hazardous Materials,,2,Surface water or marine geochemistry study with no groundwater or isotope hydrogeology relevance.,"surface water,soil/atm study",2026-05-21T04:14:57.706068+00:00,
https://www.sciencedirect.com/science/article/pii/S0304389426012604,"Root-secreted aminosalicylic acid and 4,6-dioxoheptanoic acid: Dual roles in enhancing 4-nonylphenol bioavailability and regulating rhizospheric microbiota community",https://www.sciencedirect.com/science/article/pii/S0304389426012604?dgcid=rss_sd_all,Journal of Hazardous Materials,,3,General geochemistry study with limited relevance to hydrogeochemical or isotope research profile.,general geochemistry,2026-05-21T04:14:57.706068+00:00,
https://www.sciencedirect.com/science/article/pii/S030438942601280X,Phytate boosts arsenic accumulation in hyperaccumulator Pteris vittata from contaminated soil by inducing root phytase and upregulating phosphate transporters,https://www.sciencedirect.com/science/article/pii/S030438942601280X?dgcid=rss_sd_all,Journal of Hazardous Materials,,3,General geochemistry study with limited relevance to hydrogeochemical or isotope research profile.,general geochemistry,2026-05-21T04:14:57.706068+00:00,
https://www.sciencedirect.com/science/article/pii/S0304389426012902,Integrating digital PCR and metagenomics to quantify potential soilborne bacterial pathogens in urban ecosystem,https://www.sciencedirect.com/science/article/pii/S0304389426012902?dgcid=rss_sd_all,Journal of Hazardous Materials,,2,Soil or atmospheric geochemistry study unrelated to groundwater hydrogeochemistry.,soil/atm study,2026-05-21T04:14:57.706068+00:00,
https://www.sciencedirect.com/science/article/pii/S0883292726002192,Periphyton plays a dual role in the bioavailability of organic phosphorus in aquatic environments,https://www.sciencedirect.com/science/article/pii/S0883292726002192?dgcid=rss_sd_all,Applied Geochemistry,September 2026,2,"Surface water, soil, or atmospheric study — outside hydrogeochemistry profile.",,2026-05-24T23:10:56Z,other
https://www.sciencedirect.com/science/article/pii/S0883292726002167,Basalt glass alteration and phyllosilicate-type aluminosilicate development in the Lonar impact crater: Integrated mineralogical and geochemical evidence,https://www.sciencedirect.com/science/article/pii/S0883292726002167?dgcid=rss_sd_all,Applied Geochemistry,August 2026,2,Not related to hydrogeochemistry or Jaehoon's research profile.,,2026-05-24T23:10:56Z,site-characterization
https://www.sciencedirect.com/science/article/pii/S0883292726002337,Geochemical associations and local prediction of rare earth elements in fine-grained stream and pond sediments from agricultural catchments (SW France),https://www.sciencedirect.com/science/article/pii/S0883292726002337?dgcid=rss_sd_all,Applied Geochemistry,Available online 24 May 2026,2,Not related to hydrogeochemistry or Jaehoon's research profile.,,2026-05-24T23:10:56Z,other
https://www.sciencedirect.com/science/article/pii/S0883292726002234,Processes affecting pollution fluxes during the coastal erosion of legacy colliery wastes,https://www.sciencedirect.com/science/article/pii/S0883292726002234?dgcid=rss_sd_all,Applied Geochemistry,Available online 23 May 2026,2,Not related to hydrogeochemistry or Jaehoon's research profile.,,2026-05-24T23:10:56Z,other
https://www.sciencedirect.com/science/article/pii/S0883292726002222,"Integrative source identification of heavy metal(loid)s in agricultural soils of a geologically diverse and anthropogenically impacted urban area along the lower Yangtze River, Eastern China",https://www.sciencedirect.com/science/article/pii/S0883292726002222?dgcid=rss_sd_all,Applied Geochemistry,Available online 22 May 2026,2,"Surface water, soil, or atmospheric study — outside hydrogeochemistry profile.",,2026-05-24T23:10:56Z,other
https://www.sciencedirect.com/science/article/pii/S0883292726002155,Lithological controls on seasonal weathering processes in a non-glaciated lesser Himalayan spring system,https://www.sciencedirect.com/science/article/pii/S0883292726002155?dgcid=rss_sd_all,Applied Geochemistry,Available online 22 May 2026,5,"Isotope methods outside hydrogeochemistry context — same domain, off-profile.",isotope-methods,2026-05-24T23:10:56Z,metal-isotopes
https://www.sciencedirect.com/science/article/pii/S0883292726002210,"Reconstructing Transitional Paleoredox Conditions from the Late Cretaceous Oceanic Anoxic Events 2 to 3 across Intracratonic Platform, Narmada Rift Basin, Central India",https://www.sciencedirect.com/science/article/pii/S0883292726002210?dgcid=rss_sd_all,Applied Geochemistry,Available online 20 May 2026,5,"Isotope methods outside hydrogeochemistry context — same domain, off-profile.",isotope-methods,2026-05-24T23:10:56Z,metal-isotopes
https://www.sciencedirect.com/science/article/pii/S0883292726002180,Thallium isotopic compositions reveal a significant contribution of thallium in soils from natural weathering processes,https://www.sciencedirect.com/science/article/pii/S0883292726002180?dgcid=rss_sd_all,Applied Geochemistry,Available online 20 May 2026,8,Fracture mineralogy with deep groundwater or isotope records — directly relevant.,"fracture-mineralogy,isotope-methods",2026-05-24T23:10:56Z,fracture-minerals
https://www.sciencedirect.com/science/article/pii/S0009254126002810,Unravelling controls on carbon mineralization in fractures: Insights from 3D reactive transport simulations in olivine,https://www.sciencedirect.com/science/article/pii/S0009254126002810?dgcid=rss_sd_all,Chemical Geology,5 September 2026,2,Not related to hydrogeochemistry or Jaehoon's research profile.,,2026-05-24T23:10:56Z,other
https://www.sciencedirect.com/science/article/pii/S0009254126002858,Organic matter and seasonal flooding control mercury and methane distribution in sediments of a floodplain lake in the Madeira River basin (western Amazon),https://www.sciencedirect.com/science/article/pii/S0009254126002858?dgcid=rss_sd_all,Chemical Geology,Available online 23 May 2026,2,Not related to hydrogeochemistry or Jaehoon's research profile.,,2026-05-24T23:10:56Z,other
https://www.sciencedirect.com/science/article/pii/S0009254126002809,"Transition from subduction initiation to mature subduction: Geochemical evidence from Cenozoic mafic-felsic intrusive rocks, Central Philippines",https://www.sciencedirect.com/science/article/pii/S0009254126002809?dgcid=rss_sd_all,Chemical Geology,Available online 22 May 2026,5,"Isotope methods outside hydrogeochemistry context — same domain, off-profile.",isotope-methods,2026-05-24T23:10:56Z,metal-isotopes
https://www.sciencedirect.com/science/article/pii/S0009254126002688,Nickel toxicity inhibits abundance and activity of cyanobacteria and Fe(III)-reducers in low-phosphate Archean oceans,https://www.sciencedirect.com/science/article/pii/S0009254126002688?dgcid=rss_sd_all,Chemical Geology,Available online 21 May 2026,2,Not related to hydrogeochemistry or Jaehoon's research profile.,,2026-05-24T23:10:56Z,other
https://www.sciencedirect.com/science/article/pii/S0009254126002822,"Quantitative PMF-based source apportionment of trace elements in spring and groundwater, coupled with thermodynamic modeling, solid-aqueous partitioning, and health-risk assessment",https://www.sciencedirect.com/science/article/pii/S0009254126002822?dgcid=rss_sd_all,Chemical Geology,Available online 21 May 2026,8,Geothermal hydrogeochemistry — strong overlap with research profile.,geothermal,2026-05-24T23:10:56Z,geothermal
https://www.sciencedirect.com/science/article/pii/S0009254126002585,Humic acid–mediated shift in •OH formation location enhances contaminant degradation during oxygenation of surface-adsorbed Fe(II),https://www.sciencedirect.com/science/article/pii/S0009254126002585?dgcid=rss_sd_all,Chemical Geology,Available online 21 May 2026,4,Groundwater contamination study — same domain but limited profile overlap.,"groundwater,contamination",2026-05-24T23:10:56Z,redox-contamination
https://www.sciencedirect.com/science/article/pii/S0009254126002731,Optimizing a chemical cleaning protocol to determine the nickel isotopic composition of ancient seawater from carbonates,https://www.sciencedirect.com/science/article/pii/S0009254126002731?dgcid=rss_sd_all,Chemical Geology,Available online 21 May 2026,5,"Isotope methods outside hydrogeochemistry context — same domain, off-profile.",isotope-methods,2026-05-24T23:10:56Z,metal-isotopes
https://www.sciencedirect.com/science/article/pii/S0009254126002597,"Accurate determination of the Mn(II), Mn(III), and Mn(IV) contents in Mn oxides using a modified pyrophosphate extraction method",https://www.sciencedirect.com/science/article/pii/S0009254126002597?dgcid=rss_sd_all,Chemical Geology,Available online 20 May 2026,2,Not related to hydrogeochemistry or Jaehoon's research profile.,,2026-05-24T23:10:56Z,other
https://www.sciencedirect.com/science/article/pii/S0022169426008279,Dynamic capillary effects in layered porous media: dependence on flow direction and displacement front stability,https://www.sciencedirect.com/science/article/pii/S0022169426008279?dgcid=rss_sd_all,Journal of Hydrology,August 2026,4,Groundwater contamination study — same domain but limited profile overlap.,"groundwater,contamination",2026-05-24T23:10:56Z,site-characterization
https://www.sciencedirect.com/science/article/pii/S0022169426008024,"Freshwater carbon sequestration in eutrophic reservoirs: Superior burial efficiency compared to coastal seagrass, marsh, and mangrove blue carbon habitats under global warming",https://www.sciencedirect.com/science/article/pii/S0022169426008024?dgcid=rss_sd_all,Journal of Hydrology,August 2026,2,Not related to hydrogeochemistry or Jaehoon's research profile.,,2026-05-24T23:10:56Z,other
https://www.sciencedirect.com/science/article/pii/S0022169426007936,Four decades of dissolved organic carbon dynamics in Lake Taihu using comprehensive Landsat-5/7/8 observations and advanced machine learning models with investigation on driving factors,https://www.sciencedirect.com/science/article/pii/S0022169426007936?dgcid=rss_sd_all,Journal of Hydrology,August 2026,2,Not related to hydrogeochemistry or Jaehoon's research profile.,,2026-05-24T23:10:56Z,other
https://www.sciencedirect.com/science/article/pii/S0022169426007997,Global assessment of extreme precipitation in response to climate warming: revisiting the Clausius–Clapeyron relation,https://www.sciencedirect.com/science/article/pii/S0022169426007997?dgcid=rss_sd_all,Journal of Hydrology,August 2026,2,Not related to hydrogeochemistry or Jaehoon's research profile.,,2026-05-24T23:10:56Z,other
https://www.sciencedirect.com/science/article/pii/S002216942600819X,Parametrization and improvement of the soil evaporation estimation model: Coupling superposition based on fractional canopy cover and soil moisture,https://www.sciencedirect.com/science/article/pii/S002216942600819X?dgcid=rss_sd_all,Journal of Hydrology,August 2026,2,Not related to hydrogeochemistry or Jaehoon's research profile.,,2026-05-24T23:10:56Z,other
https://www.sciencedirect.com/science/article/pii/S0022169426008085,Physical ventilation failure drives rapid reservoir hypoxia during heatwaves,https://www.sciencedirect.com/science/article/pii/S0022169426008085?dgcid=rss_sd_all,Journal of Hydrology,August 2026,2,Not related to hydrogeochemistry or Jaehoon's research profile.,,2026-05-24T23:10:56Z,other
https://www.sciencedirect.com/science/article/pii/S0022169426007547,Coupled controls of river stage dynamics and vegetation evapotranspiration on the retention of dissolved organic carbon in the riparian zone,https://www.sciencedirect.com/science/article/pii/S0022169426007547?dgcid=rss_sd_all,Journal of Hydrology,August 2026,2,Not related to hydrogeochemistry or Jaehoon's research profile.,,2026-05-24T23:10:56Z,other
https://www.sciencedirect.com/science/article/pii/S002216942600781X,Groundwater pumping alters land-sourced solute transport in tide-controlled coastal aquifers,https://www.sciencedirect.com/science/article/pii/S002216942600781X?dgcid=rss_sd_all,Journal of Hydrology,August 2026,3,General groundwater study with little isotope or geochemical relevance to profile.,groundwater,2026-05-24T23:10:56Z,site-characterization
https://www.sciencedirect.com/science/article/pii/S0022169426007626,Analysis of the dependence of daily rainfall depth on wet spell duration across Europe,https://www.sciencedirect.com/science/article/pii/S0022169426007626?dgcid=rss_sd_all,Journal of Hydrology,August 2026,2,Not related to hydrogeochemistry or Jaehoon's research profile.,,2026-05-24T23:10:56Z,other
https://www.sciencedirect.com/science/article/pii/S0022169426008097,Daily inference of reservoir surface water area at large scales via a systematic deep learning framework synergistically integrating multisource remote sensing imagery,https://www.sciencedirect.com/science/article/pii/S0022169426008097?dgcid=rss_sd_all,Journal of Hydrology,August 2026,2,Not related to hydrogeochemistry or Jaehoon's research profile.,,2026-05-24T23:10:56Z,other
https://www.sciencedirect.com/science/article/pii/S0022169426008012,Water levels shape different dissolved organic matter chemistry across Yellow River Deltaic distributary channels,https://www.sciencedirect.com/science/article/pii/S0022169426008012?dgcid=rss_sd_all,Journal of Hydrology,August 2026,2,"Surface water, soil, or atmospheric study — outside hydrogeochemistry profile.",,2026-05-24T23:10:56Z,other
https://www.sciencedirect.com/science/article/pii/S0022169426007821,A flow-direction guided spatiotemporal graph neural network (FD-STGNN) framework for multi-source soil moisture data fusion over the Qinghai-Tibet Plateau,https://www.sciencedirect.com/science/article/pii/S0022169426007821?dgcid=rss_sd_all,Journal of Hydrology,August 2026,2,Not related to hydrogeochemistry or Jaehoon's research profile.,,2026-05-24T23:10:56Z,other
https://www.sciencedirect.com/science/article/pii/S0022169426007791,Influences of hydrology and anthropogenic activities on source and quality of dissolved organic matter in karst headwater streams,https://www.sciencedirect.com/science/article/pii/S0022169426007791?dgcid=rss_sd_all,Journal of Hydrology,August 2026,2,Not related to hydrogeochemistry or Jaehoon's research profile.,,2026-05-24T23:10:56Z,other
https://www.sciencedirect.com/science/article/pii/S0022169426008036,Physics-informed gated transformer for robust flash flood forecasting in data-scarce small catchments via variance-constrained learning,https://www.sciencedirect.com/science/article/pii/S0022169426008036?dgcid=rss_sd_all,Journal of Hydrology,August 2026,2,Not related to hydrogeochemistry or Jaehoon's research profile.,,2026-05-24T23:10:56Z,other
https://www.sciencedirect.com/science/article/pii/S0022169426008048,Enhanced water level fluctuations reduced the competitive advantage of cyanobacteria,https://www.sciencedirect.com/science/article/pii/S0022169426008048?dgcid=rss_sd_all,Journal of Hydrology,August 2026,2,Not related to hydrogeochemistry or Jaehoon's research profile.,,2026-05-24T23:10:56Z,other
https://www.sciencedirect.com/science/article/pii/S0022169426007985,"Paleo-hydrological controls on continental-shelf groundwater salinity distribution offshore New Jersey, USA",https://www.sciencedirect.com/science/article/pii/S0022169426007985?dgcid=rss_sd_all,Journal of Hydrology,August 2026,3,General groundwater study with little isotope or geochemical relevance to profile.,groundwater,2026-05-24T23:10:56Z,site-characterization
https://www.sciencedirect.com/science/article/pii/S0022169426006864,Regulation of river water temperature and dissolved oxygen under cascade reservoir systems: Hydropower-ecological synergy based on a simulation–optimization-causal explanation framework,https://www.sciencedirect.com/science/article/pii/S0022169426006864?dgcid=rss_sd_all,Journal of Hydrology,August 2026,2,"Surface water, soil, or atmospheric study — outside hydrogeochemistry profile.",,2026-05-24T23:10:56Z,other
https://www.sciencedirect.com/science/article/pii/S0022169426007882,From subordinate recharge to dominant pollution: the role of lacustrine groundwater discharge in sandy saline-salt lakes,https://www.sciencedirect.com/science/article/pii/S0022169426007882?dgcid=rss_sd_all,Journal of Hydrology,August 2026,6,Machine learning applied to hydrogeochemistry or groundwater — secondary interest.,"ml-methods,hydrogeochemistry",2026-05-24T23:10:56Z,ml-methods
https://www.sciencedirect.com/science/article/pii/S0022169426007766,Changes in sediment transport capacity in the lower Yellow River: Analysis using an improved formula based on energy theory,https://www.sciencedirect.com/science/article/pii/S0022169426007766?dgcid=rss_sd_all,Journal of Hydrology,August 2026,2,Not related to hydrogeochemistry or Jaehoon's research profile.,,2026-05-24T23:10:56Z,other
https://www.sciencedirect.com/science/article/pii/S0022169426007663,Precise waterbody mapping at the city scale using a novel connectivity preservation and boundary refinement network based on medium-resolution remote sensing imagery,https://www.sciencedirect.com/science/article/pii/S0022169426007663?dgcid=rss_sd_all,Journal of Hydrology,August 2026,2,Not related to hydrogeochemistry or Jaehoon's research profile.,,2026-05-24T23:10:56Z,other
https://www.sciencedirect.com/science/article/pii/S0022169426007754,Mathematical modeling for interactions and transport of particulate bioavailable phosphorus with sediment dynamics,https://www.sciencedirect.com/science/article/pii/S0022169426007754?dgcid=rss_sd_all,Journal of Hydrology,August 2026,2,Not related to hydrogeochemistry or Jaehoon's research profile.,,2026-05-24T23:10:56Z,other
https://www.sciencedirect.com/science/article/pii/S0022169426007900,Crop spatial concentration enhances water productivity while threatening regional agricultural water sustainability,https://www.sciencedirect.com/science/article/pii/S0022169426007900?dgcid=rss_sd_all,Journal of Hydrology,August 2026,3,General groundwater study with little isotope or geochemical relevance to profile.,groundwater,2026-05-24T23:10:56Z,site-characterization
https://www.sciencedirect.com/science/article/pii/S0375650526001343,Proppant reactivity in enhanced geothermal systems: A sequential evaluation approach,https://www.sciencedirect.com/science/article/pii/S0375650526001343?dgcid=rss_sd_all,Geothermics,September 2026,7,Deep groundwater redox conditions — adjacent to core research.,"deep-groundwater,redox",2026-05-24T23:10:56Z,geothermal
https://www.sciencedirect.com/science/article/pii/S0375650526001331,3-D magnetotelluric modeling and radiogenic heat reservoir for EGS development: A case study of the Kestanbol Granitoid intrusion (NW Türkiye),https://www.sciencedirect.com/science/article/pii/S0375650526001331?dgcid=rss_sd_all,Geothermics,September 2026,6,Geothermal system study — adjacent to research interests.,geothermal,2026-05-24T23:10:56Z,geothermal
https://www.sciencedirect.com/science/article/pii/S037565052600129X,Updated evaluation of the potential resources of geothermal lithium (Li) and rubidium (Rb) in the Upper Rhine Graben (URG),https://www.sciencedirect.com/science/article/pii/S037565052600129X?dgcid=rss_sd_all,Geothermics,September 2026,7,Deep groundwater redox conditions — adjacent to core research.,"deep-groundwater,redox",2026-05-24T23:10:56Z,geothermal
https://www.sciencedirect.com/science/article/pii/S0375650526001161,Study on the tracer monitoring method for production and injection wells in sandstone geothermal reservoirs,https://www.sciencedirect.com/science/article/pii/S0375650526001161?dgcid=rss_sd_all,Geothermics,September 2026,8,Geothermal hydrogeochemistry — strong overlap with research profile.,geothermal,2026-05-24T23:10:56Z,geothermal
https://www.sciencedirect.com/science/article/pii/S0048969726005401,"Quantifying morphological complexity and wet deposition of suspected microplastics in rainwater: A case study of Wroclaw, Poland",https://www.sciencedirect.com/science/article/pii/S0048969726005401?dgcid=rss_sd_all,Science of the Total Environment,1 July 2026,2,Not related to hydrogeochemistry or Jaehoon's research profile.,,2026-05-24T23:10:56Z,other
https://www.sciencedirect.com/science/article/pii/S004896972600567X,Excessive rainfall anomalies during the dry season (harvest period) and their impact on rainfed crop yields in Ethiopia,https://www.sciencedirect.com/science/article/pii/S004896972600567X?dgcid=rss_sd_all,Science of the Total Environment,1 July 2026,2,"Surface water, soil, or atmospheric study — outside hydrogeochemistry profile.",,2026-05-24T23:10:56Z,other
https://www.sciencedirect.com/science/article/pii/S0048969726005644,Modelling nutrient loads in data-scarce large catchments using spatially regularized ensemble calibration,https://www.sciencedirect.com/science/article/pii/S0048969726005644?dgcid=rss_sd_all,Science of the Total Environment,1 July 2026,2,Not related to hydrogeochemistry or Jaehoon's research profile.,,2026-05-24T23:10:56Z,other
https://www.sciencedirect.com/science/article/pii/S0048969726005528,"Enhanced rock weathering in grassland: Impacts of basalt dust on hay meadow soil, forage, and floristic diversity",https://www.sciencedirect.com/science/article/pii/S0048969726005528?dgcid=rss_sd_all,Science of the Total Environment,1 July 2026,2,Not related to hydrogeochemistry or Jaehoon's research profile.,,2026-05-24T23:10:56Z,other
https://www.sciencedirect.com/science/article/pii/S004896972600553X,"A province-wide survey of neonicotinoids, chlorantraniliprole, atrazine, metolachlor, and other pesticides in drinking water of Québec, Canada",https://www.sciencedirect.com/science/article/pii/S004896972600553X?dgcid=rss_sd_all,Science of the Total Environment,1 July 2026,3,General groundwater study with little isotope or geochemical relevance to profile.,groundwater,2026-05-24T23:10:56Z,site-characterization
https://www.sciencedirect.com/science/article/pii/S0048969726005474,"Corrigendum to “Application of the compact and useful PM 2.5 instrument with gas sensors (CUPI-G) for high temporal and spatial resolution monitoring with weather factor integration” [Sci. Total Environ. 979 (2025), 179361]",https://www.sciencedirect.com/science/article/pii/S0048969726005474?dgcid=rss_sd_all,Science of the Total Environment,Available online 20 May 2026,2,Not related to hydrogeochemistry or Jaehoon's research profile.,abstract: none,2026-05-24T23:10:56Z,other
https://www.sciencedirect.com/science/article/pii/S0016703726003224,Morphological and geochemical variation in framboidal pyrite aggregates and implications for use as a methane seepage proxy,https://www.sciencedirect.com/science/article/pii/S0016703726003224?dgcid=rss_sd_all,Geochimica et Cosmochimica Acta,Available online 23 May 2026,5,"Isotope methods outside hydrogeochemistry context — same domain, off-profile.",isotope-methods,2026-05-24T23:10:56Z,metal-isotopes
https://www.sciencedirect.com/science/article/pii/S0016703726003236,U(VI) incorporation into monohydrocalcite and its redistribution during transformation: mechanistic implications for uranium partitioning in alkaline lakes,https://www.sciencedirect.com/science/article/pii/S0016703726003236?dgcid=rss_sd_all,Geochimica et Cosmochimica Acta,Available online 23 May 2026,4,Radionuclide study without clear hydrogeochemical groundwater context.,radionuclide,2026-05-24T23:10:56Z,hlw-radionuclide
https://www.sciencedirect.com/science/article/pii/S0016703726003212,The role of water in REE mineralization of carbonatite systems: constraints from apatite and biotite volatiles,https://www.sciencedirect.com/science/article/pii/S0016703726003212?dgcid=rss_sd_all,Geochimica et Cosmochimica Acta,Available online 23 May 2026,6,Geothermal system study — adjacent to research interests.,geothermal,2026-05-24T23:10:56Z,geothermal
https://www.sciencedirect.com/science/article/pii/S0016703726003182,Unveiling U(VI)-carbonate surface complexes on montmorillonite: insights from a first-principles molecular dynamics based surface complexation modeling,https://www.sciencedirect.com/science/article/pii/S0016703726003182?dgcid=rss_sd_all,Geochimica et Cosmochimica Acta,Available online 22 May 2026,8,HLW/nuclear waste geochemistry in groundwater context — core research area.,hlw-nuclear,2026-05-24T23:10:56Z,hlw-radionuclide
https://www.sciencedirect.com/science/article/pii/S0016703726003169,Micritization mechanism in penecontemporaneous carbonate rocks: coupled C − Ca cycles and constraints from diagenetic environments,https://www.sciencedirect.com/science/article/pii/S0016703726003169?dgcid=rss_sd_all,Geochimica et Cosmochimica Acta,Available online 21 May 2026,7,Isotope methods in hydrogeochemical context — adjacent to core research.,"isotope-methods,hydrogeochemistry",2026-05-24T23:10:56Z,site-characterization
https://www.sciencedirect.com/science/article/pii/S0304389426014676,Ecotoxicological assessment of dinotefuran on plankton communities in a freshwater microcosm system,https://www.sciencedirect.com/science/article/pii/S0304389426014676?dgcid=rss_sd_all,Journal of Hazardous Materials,15 July 2026,2,Not related to hydrogeochemistry or Jaehoon's research profile.,,2026-05-24T23:10:56Z,other
https://www.sciencedirect.com/science/article/pii/S0304389426014391,China’s air pollution: Remarkable progress and ongoing challenges under new standards from combined surface-satellite observations (2015–2024),https://www.sciencedirect.com/science/article/pii/S0304389426014391?dgcid=rss_sd_all,Journal of Hazardous Materials,15 July 2026,2,Not related to hydrogeochemistry or Jaehoon's research profile.,,2026-05-24T23:10:56Z,other
https://www.sciencedirect.com/science/article/pii/S030438942601455X,Plant-specific groundwater source apportionment and health risk assessment of chemical industrial parks based on an enhanced potential pollution index framework,https://www.sciencedirect.com/science/article/pii/S030438942601455X?dgcid=rss_sd_all,Journal of Hazardous Materials,15 July 2026,4,Groundwater contamination study — same domain but limited profile overlap.,"groundwater,contamination",2026-05-24T23:10:56Z,site-characterization
https://www.sciencedirect.com/science/article/pii/S0304389426013762,Cross-scale mechanisms and molecular–ecological thresholds of phthalate stress in the cucumber–soil system,https://www.sciencedirect.com/science/article/pii/S0304389426013762?dgcid=rss_sd_all,Journal of Hazardous Materials,15 July 2026,2,Not related to hydrogeochemistry or Jaehoon's research profile.,,2026-05-24T23:10:56Z,other
https://www.sciencedirect.com/science/article/pii/S0304389426014664,An emerging risk to pest biocontrol: Polyethylene microplastic affects the efficacy of Arma chinensis and Beauveria bassiana against Hyphantria cunea,https://www.sciencedirect.com/science/article/pii/S0304389426014664?dgcid=rss_sd_all,Journal of Hazardous Materials,15 July 2026,2,Not related to hydrogeochemistry or Jaehoon's research profile.,,2026-05-24T23:10:56Z,other
https://www.sciencedirect.com/science/article/pii/S0304389426013889,NeuraMFs: A deep learning model for airborne microfiber identification in plant biomonitors,https://www.sciencedirect.com/science/article/pii/S0304389426013889?dgcid=rss_sd_all,Journal of Hazardous Materials,15 July 2026,2,Not related to hydrogeochemistry or Jaehoon's research profile.,,2026-05-24T23:10:56Z,other
https://www.sciencedirect.com/science/article/pii/S0304389426014780,Symbiotic chlorine-resistant bacteria and fungi in urban building drinking water plumbing pipe biofilms,https://www.sciencedirect.com/science/article/pii/S0304389426014780?dgcid=rss_sd_all,Journal of Hazardous Materials,15 July 2026,2,Not related to hydrogeochemistry or Jaehoon's research profile.,,2026-05-24T23:10:56Z,other
https://www.sciencedirect.com/science/article/pii/S0304389426014482,From active defense to cross-kingdom alarm: Rhizosphere microenvironment remodeling in soybean under polylactic acid nanoplastics and cadmium Co-stress,https://www.sciencedirect.com/science/article/pii/S0304389426014482?dgcid=rss_sd_all,Journal of Hazardous Materials,15 July 2026,2,Not related to hydrogeochemistry or Jaehoon's research profile.,,2026-05-24T23:10:56Z,other
https://www.sciencedirect.com/science/article/pii/S0304389426012409,Pyrite-functionalized biochar via the mechanochemical ball-milling method enhanced soil lead/cadmium passivation and promoted plant growth,https://www.sciencedirect.com/science/article/pii/S0304389426012409?dgcid=rss_sd_all,Journal of Hazardous Materials,15 July 2026,2,Not related to hydrogeochemistry or Jaehoon's research profile.,,2026-05-24T23:10:56Z,other
https://www.sciencedirect.com/science/article/pii/S0304389426013798,"Prenatal and early-life exposure to micro- and nanoplastics and autism-relevant neurodevelopment: An integrated review of human, experimental, and mechanistic evidence",https://www.sciencedirect.com/science/article/pii/S0304389426013798?dgcid=rss_sd_all,Journal of Hazardous Materials,15 July 2026,2,Not related to hydrogeochemistry or Jaehoon's research profile.,,2026-05-24T23:10:56Z,other
https://www.sciencedirect.com/science/article/pii/S0304389426014561,Uncovering the metabolic variations of sulfur dioxide in the brain of Parkinson’s disease and air pollution: From imaging to therapeutic evaluations,https://www.sciencedirect.com/science/article/pii/S0304389426014561?dgcid=rss_sd_all,Journal of Hazardous Materials,15 July 2026,2,Not related to hydrogeochemistry or Jaehoon's research profile.,,2026-05-24T23:10:56Z,other
https://www.sciencedirect.com/science/article/pii/S0304389426014445,Corrigendum to “Co-occurrence of microplastics and endocrine-disrupting chemicals in subantarctic seabirds” [J. Hazd. Mater. 509 (2026) 142018],https://www.sciencedirect.com/science/article/pii/S0304389426014445?dgcid=rss_sd_all,Journal of Hazardous Materials,15 July 2026,2,Not related to hydrogeochemistry or Jaehoon's research profile.,abstract: none,2026-05-24T23:10:56Z,other
https://www.sciencedirect.com/science/article/pii/S0304389426014135,Sulfur vacancy-rich MoS 2 nanoflowers as electron shuttles boost Fe(VI) activation for efficient micropollutant degradation,https://www.sciencedirect.com/science/article/pii/S0304389426014135?dgcid=rss_sd_all,Journal of Hazardous Materials,15 July 2026,6,Geothermal system study — adjacent to research interests.,geothermal,2026-05-24T23:10:56Z,geothermal
https://www.sciencedirect.com/science/article/pii/S0304389426013543,"Os79, a UDP‐Glycosyltransferase, negatively regulates cadmium tolerance and accumulation in rice",https://www.sciencedirect.com/science/article/pii/S0304389426013543?dgcid=rss_sd_all,Journal of Hazardous Materials,15 July 2026,2,"Surface water, soil, or atmospheric study — outside hydrogeochemistry profile.",,2026-05-24T23:10:56Z,other
https://www.sciencedirect.com/science/article/pii/S0304389426013427,Fate of persistent and mobile substances in drinking water treatment: A systematic comparison of treatment options,https://www.sciencedirect.com/science/article/pii/S0304389426013427?dgcid=rss_sd_all,Journal of Hazardous Materials,15 July 2026,2,Not related to hydrogeochemistry or Jaehoon's research profile.,,2026-05-24T23:10:56Z,other
https://www.sciencedirect.com/science/article/pii/S0304389426014585,Dynamic shifts and molecular regulatory mechanisms of three predominant horizontal antibiotic resistance gene transfer modes during photocatalytic disinfection,https://www.sciencedirect.com/science/article/pii/S0304389426014585?dgcid=rss_sd_all,Journal of Hazardous Materials,15 July 2026,2,Not related to hydrogeochemistry or Jaehoon's research profile.,,2026-05-24T23:10:56Z,other
https://www.sciencedirect.com/science/article/pii/S0304389426014421,"PFAS exacerbates diabetic wound healing by targeting GRP94 glycosylation, antagonized by ligustilide",https://www.sciencedirect.com/science/article/pii/S0304389426014421?dgcid=rss_sd_all,Journal of Hazardous Materials,15 July 2026,2,Not related to hydrogeochemistry or Jaehoon's research profile.,,2026-05-24T23:10:56Z,other
https://www.sciencedirect.com/science/article/pii/S030438942601352X,Differential responses of rare and abundant taxa in the plastisphere of biodegradable and non-biodegradable microplastics in soil,https://www.sciencedirect.com/science/article/pii/S030438942601352X?dgcid=rss_sd_all,Journal of Hazardous Materials,15 July 2026,2,Not related to hydrogeochemistry or Jaehoon's research profile.,,2026-05-24T23:10:56Z,other
https://www.sciencedirect.com/science/article/pii/S0304389426014354,Multi-omics association analysis of the toxicity mechanism differences of typical veterinary antibiotics on tomatoes: From physiological inhibition to metabolic reprogramming,https://www.sciencedirect.com/science/article/pii/S0304389426014354?dgcid=rss_sd_all,Journal of Hazardous Materials,15 July 2026,2,Not related to hydrogeochemistry or Jaehoon's research profile.,,2026-05-24T23:10:56Z,other
https://www.sciencedirect.com/science/article/pii/S0304389426013932,Field-scale isotope tracing reveals combined organic fertilizer–antibiotic effects in amplifying antimicrobial resistance in the soil–lettuce continuum,https://www.sciencedirect.com/science/article/pii/S0304389426013932?dgcid=rss_sd_all,Journal of Hazardous Materials,15 July 2026,5,"Isotope methods outside hydrogeochemistry context — same domain, off-profile.",isotope-methods,2026-05-24T23:10:56Z,metal-isotopes
https://www.sciencedirect.com/science/article/pii/S030438942601424X,Dual-channel synergistic conduction in layered potassium titanates for ppb-level H 2 S sensing and real-time leak localization,https://www.sciencedirect.com/science/article/pii/S030438942601424X?dgcid=rss_sd_all,Journal of Hazardous Materials,15 July 2026,2,Not related to hydrogeochemistry or Jaehoon's research profile.,,2026-05-24T23:10:56Z,other
https://www.sciencedirect.com/science/article/pii/S0304389426014597,Eutrophic gradient-driven taxonomic and functional differentiation of cyanobacterial aggregates mediated the dissemination and risks of antibiotic resistance genes,https://www.sciencedirect.com/science/article/pii/S0304389426014597?dgcid=rss_sd_all,Journal of Hazardous Materials,15 July 2026,2,Not related to hydrogeochemistry or Jaehoon's research profile.,,2026-05-24T23:10:56Z,other
https://www.sciencedirect.com/science/article/pii/S0304389426014251,Ice and aqueous photochemistry of high-ring chlorinated polycyclic aromatic hydrocarbons: A systematic assessment of persistence and risk in cold regions,https://www.sciencedirect.com/science/article/pii/S0304389426014251?dgcid=rss_sd_all,Journal of Hazardous Materials,15 July 2026,2,Not related to hydrogeochemistry or Jaehoon's research profile.,,2026-05-24T23:10:56Z,other
https://www.sciencedirect.com/science/article/pii/S0304389426014469,Stress-dependent stability of microbial sulfidogenic bioremediation is governed by community assembly and evolutionary dynamics,https://www.sciencedirect.com/science/article/pii/S0304389426014469?dgcid=rss_sd_all,Journal of Hazardous Materials,15 July 2026,2,Not related to hydrogeochemistry or Jaehoon's research profile.,,2026-05-24T23:10:56Z,other
https://www.sciencedirect.com/science/article/pii/S0304389426013464,"Settling behaviour of pristine, UV-weathered, and biofouled particles from organic corrosion protection coatings under varying environmental conditions",https://www.sciencedirect.com/science/article/pii/S0304389426013464?dgcid=rss_sd_all,Journal of Hazardous Materials,15 July 2026,2,Not related to hydrogeochemistry or Jaehoon's research profile.,,2026-05-24T23:10:56Z,other
https://www.sciencedirect.com/science/article/pii/S0304389426014603,Notable impact of urban ventilation corridors on the transport of particle-bound ultrashort-chain perfluoroalkyl substances in the atmosphere,https://www.sciencedirect.com/science/article/pii/S0304389426014603?dgcid=rss_sd_all,Journal of Hazardous Materials,15 July 2026,2,Not related to hydrogeochemistry or Jaehoon's research profile.,,2026-05-24T23:10:56Z,other
https://www.sciencedirect.com/science/article/pii/S0304389426013646,"210 Po in fresh water: Sources, environmental fate, global distribution and analytical challenges",https://www.sciencedirect.com/science/article/pii/S0304389426013646?dgcid=rss_sd_all,Journal of Hazardous Materials,15 July 2026,2,Not related to hydrogeochemistry or Jaehoon's research profile.,,2026-05-24T23:10:56Z,other
https://www.sciencedirect.com/science/article/pii/S0304389426014494,Spatial distribution and site-specific toxicity mechanisms of 6:2 fluorotelomer sulfonic acid in clam Mactra veneriformis by integrated mass spectrometry imaging and transcriptomics,https://www.sciencedirect.com/science/article/pii/S0304389426014494?dgcid=rss_sd_all,Journal of Hazardous Materials,15 July 2026,2,Not related to hydrogeochemistry or Jaehoon's research profile.,,2026-05-24T23:10:56Z,other
https://www.sciencedirect.com/science/article/pii/S0304389426013105,Mechanistic insights into volatile ruthenium tetroxide formation during evaporation-to-dryness accidents of high-level liquid waste,https://www.sciencedirect.com/science/article/pii/S0304389426013105?dgcid=rss_sd_all,Journal of Hazardous Materials,15 July 2026,2,Not related to hydrogeochemistry or Jaehoon's research profile.,,2026-05-24T23:10:56Z,other
https://www.sciencedirect.com/science/article/pii/S0304389426014524,"Controlling mechanisms and health risk assessment of high fluoride geothermal water in the Pearl River Delta region, South China",https://www.sciencedirect.com/science/article/pii/S0304389426014524?dgcid=rss_sd_all,Journal of Hazardous Materials,15 July 2026,8,Geothermal hydrogeochemistry — strong overlap with research profile.,"geothermal,hydrogeochemistry",2026-05-24T23:10:56Z,geothermal
https://www.sciencedirect.com/science/article/pii/S0304389426013865,"Bioaerosol emissions during initial food waste degradation: Emission dynamics, dispersion modeling, and health risk assessment",https://www.sciencedirect.com/science/article/pii/S0304389426013865?dgcid=rss_sd_all,Journal of Hazardous Materials,15 July 2026,2,Not related to hydrogeochemistry or Jaehoon's research profile.,,2026-05-24T23:10:56Z,other
https://www.sciencedirect.com/science/article/pii/S0304389426014160,Elucidating soil dissolved organic nitrogen mineralization across soil depths under contrasting fertilizer-application intensities using FT-ICR MS and a two-component model,https://www.sciencedirect.com/science/article/pii/S0304389426014160?dgcid=rss_sd_all,Journal of Hazardous Materials,15 July 2026,4,Groundwater contamination study — same domain but limited profile overlap.,"groundwater,contamination",2026-05-24T23:10:56Z,site-characterization
https://www.sciencedirect.com/science/article/pii/S0304389426014470,"Vegetation of exotic fast-growing species Sonneratia apetala increases the potential of methylmercury production: Insights from carbon bioavailability, microbial metabolism and mercury methylators",https://www.sciencedirect.com/science/article/pii/S0304389426014470?dgcid=rss_sd_all,Journal of Hazardous Materials,15 July 2026,2,Not related to hydrogeochemistry or Jaehoon's research profile.,,2026-05-24T23:10:56Z,other
https://www.sciencedirect.com/science/article/pii/S0304389426014020,"The lure of 'Healthier Smoke': Comparative physical, chemical, and oxidative potential characterization of emissions from herbal and tobacco cigarettes",https://www.sciencedirect.com/science/article/pii/S0304389426014020?dgcid=rss_sd_all,Journal of Hazardous Materials,15 July 2026,2,Not related to hydrogeochemistry or Jaehoon's research profile.,,2026-05-24T23:10:56Z,other
https://www.sciencedirect.com/science/article/pii/S0304389426014317,Metabolic profiling reveals structure-based common metabolites for liquid crystal monomers,https://www.sciencedirect.com/science/article/pii/S0304389426014317?dgcid=rss_sd_all,Journal of Hazardous Materials,15 July 2026,2,Not related to hydrogeochemistry or Jaehoon's research profile.,,2026-05-24T23:10:56Z,other
https://www.sciencedirect.com/science/article/pii/S0304389426014068,Emissions of PCDD/Fs in PM 2.5 from biomass and coal burning in China: Highlighting the need for emission control,https://www.sciencedirect.com/science/article/pii/S0304389426014068?dgcid=rss_sd_all,Journal of Hazardous Materials,15 July 2026,2,Not related to hydrogeochemistry or Jaehoon's research profile.,,2026-05-24T23:10:56Z,other
https://www.sciencedirect.com/science/article/pii/S0304389426013622,The interaction between cadmium and water induces a nonlinear response in nitrogen cycling in paddy soils by restructuring microbial networks,https://www.sciencedirect.com/science/article/pii/S0304389426013622?dgcid=rss_sd_all,Journal of Hazardous Materials,15 July 2026,2,"Surface water, soil, or atmospheric study — outside hydrogeochemistry profile.",,2026-05-24T23:10:56Z,other
https://www.sciencedirect.com/science/article/pii/S0304389426014275,MIL-100(Fe)@biochar as a dual‑function platform for controlled auxin delivery and heavy metal stabilization in contaminated agroecosystems,https://www.sciencedirect.com/science/article/pii/S0304389426014275?dgcid=rss_sd_all,Journal of Hazardous Materials,15 July 2026,2,Not related to hydrogeochemistry or Jaehoon's research profile.,,2026-05-24T23:10:56Z,other
https://www.sciencedirect.com/science/article/pii/S0304389426014287,Waste cooking oil biodiesel alters combustion pathways to enhance volatile organic compound emissions and reduce intermediate/semi -volatile organic compounds in agricultural machinery,https://www.sciencedirect.com/science/article/pii/S0304389426014287?dgcid=rss_sd_all,Journal of Hazardous Materials,15 July 2026,2,Not related to hydrogeochemistry or Jaehoon's research profile.,,2026-05-24T23:10:56Z,other
https://www.sciencedirect.com/science/article/pii/S0304389426013701,Mechanistic insights into the molecular selectivity and cotransport dynamics of biodegradable microplastic-derived DOM with cadmium in saturated porous media,https://www.sciencedirect.com/science/article/pii/S0304389426013701?dgcid=rss_sd_all,Journal of Hazardous Materials,15 July 2026,2,Not related to hydrogeochemistry or Jaehoon's research profile.,,2026-05-24T23:10:56Z,other
https://www.sciencedirect.com/science/article/pii/S0304389426013555,Mechanisms of nanoplastics transport and retention in biochar-blended porous media: Role of surface interactions and hydrodynamic conditions,https://www.sciencedirect.com/science/article/pii/S0304389426013555?dgcid=rss_sd_all,Journal of Hazardous Materials,15 July 2026,4,General hydrogeochemistry without isotope or redox focus — same domain but off-topic.,"hydrogeochemistry,groundwater",2026-05-24T23:10:56Z,site-characterization
https://www.sciencedirect.com/science/article/pii/S0304389426014056,Coordinated effects of air pollution control devices on polychlorinated naphthalenes emissions from coal-fired power plants in China,https://www.sciencedirect.com/science/article/pii/S0304389426014056?dgcid=rss_sd_all,Journal of Hazardous Materials,15 July 2026,2,Not related to hydrogeochemistry or Jaehoon's research profile.,,2026-05-24T23:10:56Z,other
https://www.sciencedirect.com/science/article/pii/S030438942601438X,Seasonality and aerosol microenvironment-associated processing of organic aerosol in a humid inland city,https://www.sciencedirect.com/science/article/pii/S030438942601438X?dgcid=rss_sd_all,Journal of Hazardous Materials,15 July 2026,2,Not related to hydrogeochemistry or Jaehoon's research profile.,,2026-05-24T23:10:56Z,other
https://www.sciencedirect.com/science/article/pii/S0304389426014342,Catalyst-free aqueous-phase oxidation of toluene by ozone micro-nanobubbles coupled with H 2 O 2 via interfacial reactive oxygen species,https://www.sciencedirect.com/science/article/pii/S0304389426014342?dgcid=rss_sd_all,Journal of Hazardous Materials,15 July 2026,2,Not related to hydrogeochemistry or Jaehoon's research profile.,,2026-05-24T23:10:56Z,other
https://www.sciencedirect.com/science/article/pii/S030438942601410X,Early-life PM 2.5 exposure and depressive and anxiety symptoms at age 10 years in a prospective birth cohort: Doubly robust and double negative control analyses,https://www.sciencedirect.com/science/article/pii/S030438942601410X?dgcid=rss_sd_all,Journal of Hazardous Materials,15 July 2026,2,Not related to hydrogeochemistry or Jaehoon's research profile.,,2026-05-24T23:10:56Z,other
https://www.sciencedirect.com/science/article/pii/S0304389426014019,Dodecamethylcyclohexasiloxane (D6) modulates Ca-Cd homeostasis and metabolic-mitochondrial functions to attenuate cadmium-induced toxicity in Caenorhabditis elegans,https://www.sciencedirect.com/science/article/pii/S0304389426014019?dgcid=rss_sd_all,Journal of Hazardous Materials,15 July 2026,2,Not related to hydrogeochemistry or Jaehoon's research profile.,,2026-05-24T23:10:56Z,other
https://www.sciencedirect.com/science/article/pii/S0304389426013737,Accumulation and release of lead and cadmium on manganese oxides in drinking water distribution systems: Mechanism and influence factors,https://www.sciencedirect.com/science/article/pii/S0304389426013737?dgcid=rss_sd_all,Journal of Hazardous Materials,15 July 2026,2,Not related to hydrogeochemistry or Jaehoon's research profile.,,2026-05-24T23:10:56Z,other
https://www.sciencedirect.com/science/article/pii/S0304389426014329,Divergent structure but convergent metabolic organization of tetrabromobisphenol A degrading microbial consortia from aerobic and anaerobic conditions,https://www.sciencedirect.com/science/article/pii/S0304389426014329?dgcid=rss_sd_all,Journal of Hazardous Materials,15 July 2026,2,Not related to hydrogeochemistry or Jaehoon's research profile.,,2026-05-24T23:10:56Z,other
https://www.sciencedirect.com/science/article/pii/S0304389426013130,Integrated cellular and molecular responses to uranium chemotoxicity in the metal-tolerant microalga Coelastrella sp. PCV.,https://www.sciencedirect.com/science/article/pii/S0304389426013130?dgcid=rss_sd_all,Journal of Hazardous Materials,15 July 2026,4,Radionuclide study without clear hydrogeochemical groundwater context.,radionuclide,2026-05-24T23:10:56Z,hlw-radionuclide
https://www.sciencedirect.com/science/article/pii/S0304389426012987,Dual-function protective fabrics with hygroscopicity-catalysis spatial compartmentalization for efficient detoxification of nerve and blister agent simulants under atmospheric conditions,https://www.sciencedirect.com/science/article/pii/S0304389426012987?dgcid=rss_sd_all,Journal of Hazardous Materials,15 July 2026,2,Not related to hydrogeochemistry or Jaehoon's research profile.,,2026-05-24T23:10:56Z,other
https://www.sciencedirect.com/science/article/pii/S0304389426013907,Electrochemical sensing device based on Cu/PPy heterostructure: Detection of nitrite at low reduction potentials and machine learning-driven data analysis visualisation,https://www.sciencedirect.com/science/article/pii/S0304389426013907?dgcid=rss_sd_all,Journal of Hazardous Materials,15 July 2026,2,Not related to hydrogeochemistry or Jaehoon's research profile.,,2026-05-24T23:10:56Z,other
https://www.sciencedirect.com/science/article/pii/S0304389426014937,Enhanced adsorption of diclofenac and naproxen toward rice husk biochars via decoration of UiO-66 and UiO-66-NH 2 : Roles of π-π interaction and hydrogen bonding,https://www.sciencedirect.com/science/article/pii/S0304389426014937?dgcid=rss_sd_all,Journal of Hazardous Materials,Available online 24 May 2026,2,Not related to hydrogeochemistry or Jaehoon's research profile.,,2026-05-24T23:10:56Z,other
https://www.sciencedirect.com/science/article/pii/S0304389426014263,"Differential effects of a novel mesoionic insecticide, triflumezopyrim, on Apis mellifera and Apis cerana",https://www.sciencedirect.com/science/article/pii/S0304389426014263?dgcid=rss_sd_all,Journal of Hazardous Materials,Available online 24 May 2026,2,Not related to hydrogeochemistry or Jaehoon's research profile.,,2026-05-24T23:10:56Z,other
https://www.sciencedirect.com/science/article/pii/S0169772226001518,Pollutant fate of groundwater LNAPLs under unknown pollution source information by stochastic methods,https://www.sciencedirect.com/science/article/pii/S0169772226001518?dgcid=rss_sd_all,Journal of Contaminant Hydrology,July 2026,4,Groundwater contamination study — same domain but limited profile overlap.,"groundwater,contamination",2026-05-24T23:10:56Z,site-characterization
https://www.sciencedirect.com/science/article/pii/S016977222600149X,Permeability heterogeneity effects on surfactant remediation of NAPL-contaminated porous media: Insights from microfluidic experiments and phase-field simulations,https://www.sciencedirect.com/science/article/pii/S016977222600149X?dgcid=rss_sd_all,Journal of Contaminant Hydrology,July 2026,4,Groundwater contamination study — same domain but limited profile overlap.,"groundwater,contamination",2026-05-24T23:10:56Z,site-characterization
https://www.sciencedirect.com/science/article/pii/S0169772226001476,Exploring nonlinear responses of hydrodynamics and algal biomass to restoration measures in a eutrophic shallow urban lake,https://www.sciencedirect.com/science/article/pii/S0169772226001476?dgcid=rss_sd_all,Journal of Contaminant Hydrology,July 2026,2,Not related to hydrogeochemistry or Jaehoon's research profile.,,2026-05-24T23:10:56Z,other
https://www.sciencedirect.com/science/article/pii/S016977222600135X,Ecological risk assessment of sediment microplastics in the upper Yellow River: Index applicability and implications for assessment refinement,https://www.sciencedirect.com/science/article/pii/S016977222600135X?dgcid=rss_sd_all,Journal of Contaminant Hydrology,July 2026,2,Not related to hydrogeochemistry or Jaehoon's research profile.,,2026-05-24T23:10:56Z,other
https://www.sciencedirect.com/science/article/pii/S0169772226001440,Mining-induced coupled responses of phreatic groundwater and vadose-zone soil moisture in ecologically fragile mining areas,https://www.sciencedirect.com/science/article/pii/S0169772226001440?dgcid=rss_sd_all,Journal of Contaminant Hydrology,July 2026,3,General groundwater study with little isotope or geochemical relevance to profile.,groundwater,2026-05-24T23:10:56Z,site-characterization
https://www.sciencedirect.com/science/article/pii/S0169772226001506,Hydro-environmental dynamics of Kaptai Lake using satellite derived biophysical metrics and an ensemble Machine Learning Framework,https://www.sciencedirect.com/science/article/pii/S0169772226001506?dgcid=rss_sd_all,Journal of Contaminant Hydrology,July 2026,2,"Surface water, soil, or atmospheric study — outside hydrogeochemistry profile.",,2026-05-24T23:10:56Z,other
https://www.sciencedirect.com/science/article/pii/S0169772226001464,Simulation of fate and transformation of nitrogen compounds in groundwater using meshless weak strong (MWS) form method,https://www.sciencedirect.com/science/article/pii/S0169772226001464?dgcid=rss_sd_all,Journal of Contaminant Hydrology,July 2026,3,General groundwater study with little isotope or geochemical relevance to profile.,groundwater,2026-05-24T23:10:56Z,redox-contamination
https://www.sciencedirect.com/science/article/pii/S0169772226001452,Comparison of Leptosira concentrations in two rivers within contrasting catchments in a leptospirosis hotspot,https://www.sciencedirect.com/science/article/pii/S0169772226001452?dgcid=rss_sd_all,Journal of Contaminant Hydrology,July 2026,2,Not related to hydrogeochemistry or Jaehoon's research profile.,,2026-05-24T23:10:56Z,other
https://www.sciencedirect.com/science/article/pii/S0169772226001415,Source apportionment of nitrate pollution in the reservoir basins based on dual isotopes of nitrogen and oxygen,https://www.sciencedirect.com/science/article/pii/S0169772226001415?dgcid=rss_sd_all,Journal of Contaminant Hydrology,July 2026,7,Isotope methods in hydrogeochemical context — adjacent to core research.,"isotope-methods,hydrogeochemistry",2026-05-24T23:10:56Z,isotope-hydrology
https://www.sciencedirect.com/science/article/pii/S0169772226001488,Study on microstructure and permeability of modified cut-off wall materials under chemical environmental effects,https://www.sciencedirect.com/science/article/pii/S0169772226001488?dgcid=rss_sd_all,Journal of Contaminant Hydrology,July 2026,4,Groundwater contamination study — same domain but limited profile overlap.,"groundwater,contamination",2026-05-24T23:10:56Z,site-characterization
https://www.sciencedirect.com/science/article/pii/S0169772226001385,Planar optical chemical sensing and imaging of heterogeneous pH and oxygen fronts during reactive transport in porous media: Applications to acid mine drainage neutralization and zero-valent iron permeable reactive barrier treatment,https://www.sciencedirect.com/science/article/pii/S0169772226001385?dgcid=rss_sd_all,Journal of Contaminant Hydrology,July 2026,2,Not related to hydrogeochemistry or Jaehoon's research profile.,,2026-05-24T23:10:56Z,other
https://www.sciencedirect.com/science/article/pii/S0169772226001373,Pseudo-сolloidal species of actinides in contaminated aquifers. Insights from experimental and modeling approaches,https://www.sciencedirect.com/science/article/pii/S0169772226001373?dgcid=rss_sd_all,Journal of Contaminant Hydrology,July 2026,6,Radionuclide geochemistry in groundwater context — adjacent to HLW research.,"radionuclide,groundwater",2026-05-24T23:10:56Z,redox-contamination
https://www.sciencedirect.com/science/article/pii/S0169772226001427,Lomefloxacin-induced stress on groundwater denitrification and its recovery potential,https://www.sciencedirect.com/science/article/pii/S0169772226001427?dgcid=rss_sd_all,Journal of Contaminant Hydrology,July 2026,4,Groundwater contamination study — same domain but limited profile overlap.,"groundwater,contamination",2026-05-24T23:10:56Z,redox-contamination
https://www.sciencedirect.com/science/article/pii/S0169772226001361,"Improved water quality assessment and prediction for small watersheds in human settlements of the Chengdu plain, southwestern China",https://www.sciencedirect.com/science/article/pii/S0169772226001361?dgcid=rss_sd_all,Journal of Contaminant Hydrology,July 2026,6,Machine learning applied to hydrogeochemistry or groundwater — secondary interest.,"ml-methods,hydrogeochemistry",2026-05-24T23:10:56Z,ml-methods
https://www.sciencedirect.com/science/article/pii/S0169772226001397,"Aggregation and hetero-aggregation of polystyrene microplastics: Roles of surface functionalization, water chemistry, humic acid, and kaolinite colloids",https://www.sciencedirect.com/science/article/pii/S0169772226001397?dgcid=rss_sd_all,Journal of Contaminant Hydrology,July 2026,2,Not related to hydrogeochemistry or Jaehoon's research profile.,,2026-05-24T23:10:56Z,other
https://www.sciencedirect.com/science/article/pii/S0169772226001439,Performance assessment of groundwater circulation well coupled with surfactant-enhanced flushing in low-permeability zones,https://www.sciencedirect.com/science/article/pii/S0169772226001439?dgcid=rss_sd_all,Journal of Contaminant Hydrology,July 2026,4,Groundwater contamination study — same domain but limited profile overlap.,"groundwater,contamination",2026-05-24T23:10:56Z,site-characterization
https://www.sciencedirect.com/science/article/pii/S0169772226001403,Depth-dependent attachment and transport of bacteriophages MS2 and ΦX174 in saturated soils: Impacts of silt and clay fraction,https://www.sciencedirect.com/science/article/pii/S0169772226001403?dgcid=rss_sd_all,Journal of Contaminant Hydrology,July 2026,3,General groundwater study with little isotope or geochemical relevance to profile.,groundwater,2026-05-24T23:10:56Z,site-characterization
https://www.sciencedirect.com/science/article/pii/S0169772226001348,Unveiling the drivers of groundwater quality in an industrial plain: An integrated hydrogeochemical and stacking ensemble learning approach,https://www.sciencedirect.com/science/article/pii/S0169772226001348?dgcid=rss_sd_all,Journal of Contaminant Hydrology,July 2026,6,Machine learning applied to hydrogeochemistry or groundwater — secondary interest.,"ml-methods,hydrogeochemistry",2026-05-24T23:10:56Z,ml-methods
https://www.sciencedirect.com/science/article/pii/S0169772226001336,Distribution of plutonium in a ternary system of water-colloid-bentonite: Implications for radionuclide migration,https://www.sciencedirect.com/science/article/pii/S0169772226001336?dgcid=rss_sd_all,Journal of Contaminant Hydrology,July 2026,8,HLW/nuclear waste geochemistry in groundwater context — core research area.,hlw-nuclear,2026-05-24T23:10:56Z,hlw-radionuclide
https://www.sciencedirect.com/science/article/pii/S0169772226001312,"Machine learning framework for irrigation water quality assessment in Kerala Rivers, India",https://www.sciencedirect.com/science/article/pii/S0169772226001312?dgcid=rss_sd_all,Journal of Contaminant Hydrology,July 2026,2,Not related to hydrogeochemistry or Jaehoon's research profile.,,2026-05-24T23:10:56Z,other
https://www.sciencedirect.com/science/article/pii/S0169772226001324,A cross-referenced isotope–hydrochemistry–statistics framework supports a legacy-N-constrained interpretation of nitrate export in a managed lake basin,https://www.sciencedirect.com/science/article/pii/S0169772226001324?dgcid=rss_sd_all,Journal of Contaminant Hydrology,July 2026,7,Isotope methods in hydrogeochemical context — adjacent to core research.,"isotope-methods,hydrogeochemistry",2026-05-24T23:10:56Z,site-characterization
https://www.sciencedirect.com/science/article/pii/S0169772226001191,"Allura red in aquatic systems: Treatment technologies, process intensification strategies, and future perspectives for sustainable water management",https://www.sciencedirect.com/science/article/pii/S0169772226001191?dgcid=rss_sd_all,Journal of Contaminant Hydrology,July 2026,2,Not related to hydrogeochemistry or Jaehoon's research profile.,,2026-05-24T23:10:56Z,other
https://www.sciencedirect.com/science/article/pii/S0169772226001208,Joint use of ground-penetrating radar and hydraulic-partitioning tracer tomography to improve characterization and long-term prediction of DNAPL source zones in multi-facies aquifers,https://www.sciencedirect.com/science/article/pii/S0169772226001208?dgcid=rss_sd_all,Journal of Contaminant Hydrology,July 2026,6,Machine learning applied to hydrogeochemistry or groundwater — secondary interest.,ml-methods,2026-05-24T23:10:56Z,ml-methods
https://www.sciencedirect.com/science/article/pii/S0169772226001130,A physically guided and interpretable SWAT-BiLSTM framework with Bayesian optimization for bias correction in daily streamflow forecasting,https://www.sciencedirect.com/science/article/pii/S0169772226001130?dgcid=rss_sd_all,Journal of Contaminant Hydrology,July 2026,2,Not related to hydrogeochemistry or Jaehoon's research profile.,,2026-05-24T23:10:56Z,other
https://www.sciencedirect.com/science/article/pii/S0169772226001300,Nanoplastics migration in hydroxyapatite-amended porous media: Integration of XDLVO theory and two-site kinetic modeling,https://www.sciencedirect.com/science/article/pii/S0169772226001300?dgcid=rss_sd_all,Journal of Contaminant Hydrology,July 2026,4,General hydrogeochemistry without isotope or redox focus — same domain but off-topic.,"hydrogeochemistry,groundwater",2026-05-24T23:10:56Z,site-characterization
https://www.sciencedirect.com/science/article/pii/S0169772226001087,Experimental study on patterns and mechanisms of water quality degradation in water-rich sand formations induced by different types of chemical grouts,https://www.sciencedirect.com/science/article/pii/S0169772226001087?dgcid=rss_sd_all,Journal of Contaminant Hydrology,July 2026,6,Machine learning applied to hydrogeochemistry or groundwater — secondary interest.,"ml-methods,hydrogeochemistry",2026-05-24T23:10:56Z,ml-methods
https://www.sciencedirect.com/science/article/pii/S0169772226001142,Anomalous contaminant transport in fractured porous media: Insight from asynchronous hydraulic changes in fractures and rock matrix,https://www.sciencedirect.com/science/article/pii/S0169772226001142?dgcid=rss_sd_all,Journal of Contaminant Hydrology,July 2026,4,Groundwater contamination study — same domain but limited profile overlap.,"groundwater,contamination",2026-05-24T23:10:56Z,site-characterization
https://www.sciencedirect.com/science/article/pii/S0169772226001166,"Transport of dissolved and particulate arsenic in the Orbiel River during minor flood events downstream the historic Salsigne gold mining district, Southern France",https://www.sciencedirect.com/science/article/pii/S0169772226001166?dgcid=rss_sd_all,Journal of Contaminant Hydrology,July 2026,2,"Surface water, soil, or atmospheric study — outside hydrogeochemistry profile.",,2026-05-24T23:10:56Z,other
https://www.sciencedirect.com/science/article/pii/S0169772226001129,Reactive transport modeling to support long-term monitoring strategy: Ion exchange induced contaminant remobilization at subsurface contaminated sites influenced by abrupt changes in geochemical conditions,https://www.sciencedirect.com/science/article/pii/S0169772226001129?dgcid=rss_sd_all,Journal of Contaminant Hydrology,July 2026,4,General hydrogeochemistry without isotope or redox focus — same domain but off-topic.,"hydrogeochemistry,groundwater",2026-05-24T23:10:56Z,site-characterization
https://www.sciencedirect.com/science/article/pii/S0169772226001543,Assessing coastal groundwater risks from nuclear-contaminated water discharge under extreme drought and sustainable recharge solutions,https://www.sciencedirect.com/science/article/pii/S0169772226001543?dgcid=rss_sd_all,Journal of Contaminant Hydrology,Available online 22 May 2026,6,Radionuclide geochemistry in groundwater context — adjacent to HLW research.,"radionuclide,groundwater",2026-05-24T23:10:56Z,seawater-intrusion
https://www.sciencedirect.com/science/article/pii/S0169772226001531,Pore-structure responses of polyethylene microplastic–amended Malan loess under different thermal regimes,https://www.sciencedirect.com/science/article/pii/S0169772226001531?dgcid=rss_sd_all,Journal of Contaminant Hydrology,Available online 19 May 2026,2,Not related to hydrogeochemistry or Jaehoon's research profile.,,2026-05-24T23:10:56Z,other
https://www.sciencedirect.com/science/article/pii/S016977222600152X,Adsorption mechanisms of aniline on nitrogen-doped biochar in the presence of dissolved Mn 2+ : The role of surface functionality,https://www.sciencedirect.com/science/article/pii/S016977222600152X?dgcid=rss_sd_all,Journal of Contaminant Hydrology,Available online 18 May 2026,2,Not related to hydrogeochemistry or Jaehoon's research profile.,,2026-05-24T23:10:56Z,other
https://www.sciencedirect.com/science/article/pii/S0169772226001117,Dissolved organic matter regulating the speciation and transport of potentially toxic metals in groundwater: Environmental implications and perspectives,https://www.sciencedirect.com/science/article/pii/S0169772226001117?dgcid=rss_sd_all,Journal of Contaminant Hydrology,May 2026,6,Machine learning applied to hydrogeochemistry or groundwater — secondary interest.,ml-methods,2026-05-24T23:10:56Z,ml-methods
https://www.sciencedirect.com/science/article/pii/S016977222600118X,Estimation of non-point contaminant source location and release history in an aquifer via restart ensemble Kalman filter combined with optimized deep residual dense convolutional networks,https://www.sciencedirect.com/science/article/pii/S016977222600118X?dgcid=rss_sd_all,Journal of Contaminant Hydrology,May 2026,4,Groundwater contamination study — same domain but limited profile overlap.,"groundwater,contamination",2026-05-24T23:10:56Z,site-characterization
https://www.sciencedirect.com/science/article/pii/S0169772226001178,Effects of cyclic temperature from geothermal heating on BTEX biodegradation in soil,https://www.sciencedirect.com/science/article/pii/S0169772226001178?dgcid=rss_sd_all,Journal of Contaminant Hydrology,May 2026,8,Geothermal hydrogeochemistry — strong overlap with research profile.,geothermal,2026-05-24T23:10:56Z,geothermal
https://www.sciencedirect.com/science/article/pii/S0169772226001154,"Sodium alginate gel microspheres with magnetic illite-biochar for efficient removal of cadmium and thallium from contaminated groundwater: Structural characteristics, performance and mechanisms",https://www.sciencedirect.com/science/article/pii/S0169772226001154?dgcid=rss_sd_all,Journal of Contaminant Hydrology,May 2026,4,Groundwater contamination study — same domain but limited profile overlap.,"groundwater,contamination",2026-05-24T23:10:56Z,site-characterization
https://www.sciencedirect.com/science/article/pii/S0169772226001105,Time-lapse ERT monitoring of the MPE-induced cone of depression at a low-permeability NAPL site: A field-based quantitative assessment of array-dependent geometric fidelity,https://www.sciencedirect.com/science/article/pii/S0169772226001105?dgcid=rss_sd_all,Journal of Contaminant Hydrology,May 2026,2,Not related to hydrogeochemistry or Jaehoon's research profile.,,2026-05-24T23:10:56Z,other
https://www.sciencedirect.com/science/article/pii/S0169772226001099,Coupled transport and retention dynamics of microplastics in porous media,https://www.sciencedirect.com/science/article/pii/S0169772226001099?dgcid=rss_sd_all,Journal of Contaminant Hydrology,May 2026,4,General hydrogeochemistry without isotope or redox focus — same domain but off-topic.,"hydrogeochemistry,groundwater",2026-05-24T23:10:56Z,site-characterization
https://www.sciencedirect.com/science/article/pii/S0169772226001075,"Ecological risk assessment of microplastics contamination in water, sediment and native fish species of the Brahmaputra River, India",https://www.sciencedirect.com/science/article/pii/S0169772226001075?dgcid=rss_sd_all,Journal of Contaminant Hydrology,May 2026,2,Not related to hydrogeochemistry or Jaehoon's research profile.,,2026-05-24T23:10:56Z,other
https://www.sciencedirect.com/science/article/pii/S0169772226001063,"Mercury in sediment of the upper Clark Fork River, Western Montana, USA",https://www.sciencedirect.com/science/article/pii/S0169772226001063?dgcid=rss_sd_all,Journal of Contaminant Hydrology,May 2026,2,Not related to hydrogeochemistry or Jaehoon's research profile.,,2026-05-24T23:10:56Z,other
https://www.sciencedirect.com/science/article/pii/S016977222600104X,Isotopic and hydrochemical evidence for sulfate transport and transformation in a confined Permian sandstone aquifer of a coal mine: evaporite dissolution and bacterial reduction,https://www.sciencedirect.com/science/article/pii/S016977222600104X?dgcid=rss_sd_all,Journal of Contaminant Hydrology,May 2026,7,Groundwater isotope tracing with redox conditions — adjacent to profile.,"isotope-methods,redox,groundwater",2026-05-24T23:10:56Z,redox-contamination
https://www.sciencedirect.com/science/article/pii/S0169772226001051,Process-based analysis of electrosteric stabilization and surface site competition in copper butyl xanthate transport,https://www.sciencedirect.com/science/article/pii/S0169772226001051?dgcid=rss_sd_all,Journal of Contaminant Hydrology,May 2026,4,Groundwater contamination study — same domain but limited profile overlap.,"groundwater,contamination",2026-05-24T23:10:56Z,site-characterization
https://www.sciencedirect.com/science/article/pii/S0169772226000938,Pore-scale assessment of alcohol-surfactant-biopolymer emulsions for oil-saturated media,https://www.sciencedirect.com/science/article/pii/S0169772226000938?dgcid=rss_sd_all,Journal of Contaminant Hydrology,May 2026,2,Not related to hydrogeochemistry or Jaehoon's research profile.,,2026-05-24T23:10:56Z,other
https://www.sciencedirect.com/science/article/pii/S016977222600094X,"Water quality prediction based on multi-model ensemble learning in a large-scale basin: A case study of the Poyang Lake Basin, China",https://www.sciencedirect.com/science/article/pii/S016977222600094X?dgcid=rss_sd_all,Journal of Contaminant Hydrology,May 2026,2,"Surface water, soil, or atmospheric study — outside hydrogeochemistry profile.",,2026-05-24T23:10:56Z,other
https://www.sciencedirect.com/science/article/pii/S0169772226000926,Longitudinal dispersion coefficient modeling in natural streams via newly proposed explainable ensemble learning (ExEL) framework,https://www.sciencedirect.com/science/article/pii/S0169772226000926?dgcid=rss_sd_all,Journal of Contaminant Hydrology,May 2026,2,Not related to hydrogeochemistry or Jaehoon's research profile.,,2026-05-24T23:10:56Z,other
https://www.sciencedirect.com/science/article/pii/S0169772226000896,Enhanced performances of the coupled thermal conductive heating-groundwater circulation well approach,https://www.sciencedirect.com/science/article/pii/S0169772226000896?dgcid=rss_sd_all,Journal of Contaminant Hydrology,May 2026,4,Groundwater contamination study — same domain but limited profile overlap.,"groundwater,contamination",2026-05-24T23:10:56Z,site-characterization
https://www.sciencedirect.com/science/article/pii/S0169772226000914,A multi-component solute transport and chemical reaction model based on a water balance scheme and its applications to ion transport simulation in agricultural areas,https://www.sciencedirect.com/science/article/pii/S0169772226000914?dgcid=rss_sd_all,Journal of Contaminant Hydrology,May 2026,2,Not related to hydrogeochemistry or Jaehoon's research profile.,,2026-05-24T23:10:56Z,other
https://www.sciencedirect.com/science/article/pii/S0169772226001245,Editorial Board,https://www.sciencedirect.com/science/article/pii/S0169772226001245?dgcid=rss_sd_all,Journal of Contaminant Hydrology,May 2026,2,Not related to hydrogeochemistry or Jaehoon's research profile.,,2026-05-24T23:10:56Z,other
https://www.sciencedirect.com/science/article/pii/S0265931X26001700,"No detectable impact of ALPS-treated water discharge on tritium levels in terrestrial waters of the upper Ota River catchment, Fukushima, Japan",https://www.sciencedirect.com/science/article/pii/S0265931X26001700?dgcid=rss_sd_all,Journal of Environmental Radioactivity,June 2026,7,Groundwater isotope hydrology — adjacent to core research profile.,"isotope-methods,groundwater",2026-05-24T23:10:56Z,isotope-hydrology
https://www.sciencedirect.com/science/article/pii/S0265931X26001608,A case study of radionuclide physicochemical characterization and dispersion modelling at the European Spallation Source under a postulated worst-case scenario,https://www.sciencedirect.com/science/article/pii/S0265931X26001608?dgcid=rss_sd_all,Journal of Environmental Radioactivity,June 2026,4,Radionuclide study without clear hydrogeochemical groundwater context.,radionuclide,2026-05-24T23:10:56Z,hlw-radionuclide
https://www.sciencedirect.com/science/article/pii/S0265931X26001657,Tissue-specific uptake and depuration kinetics of 137 Cs in Clarias gariepinus under controlled tropical freshwater exposure,https://www.sciencedirect.com/science/article/pii/S0265931X26001657?dgcid=rss_sd_all,Journal of Environmental Radioactivity,June 2026,2,Not related to hydrogeochemistry or Jaehoon's research profile.,,2026-05-24T23:10:56Z,other
https://www.sciencedirect.com/science/article/pii/S0265931X2600158X,Application of a sensitive LSC measurement procedure to the determination of 3 H in drinking water and rainwater in the city of Seville,https://www.sciencedirect.com/science/article/pii/S0265931X2600158X?dgcid=rss_sd_all,Journal of Environmental Radioactivity,June 2026,5,"Isotope methods outside hydrogeochemistry context — same domain, off-profile.",isotope-methods,2026-05-24T23:10:56Z,hlw-radionuclide
https://www.sciencedirect.com/science/article/pii/S0265931X26001566,"210 Po activity in aerosols at Thai Nguyen, Vietnam: An application to assess the emission source and health risk assessment",https://www.sciencedirect.com/science/article/pii/S0265931X26001566?dgcid=rss_sd_all,Journal of Environmental Radioactivity,June 2026,2,Not related to hydrogeochemistry or Jaehoon's research profile.,,2026-05-24T23:10:56Z,other
https://www.sciencedirect.com/science/article/pii/S0265931X2600161X,Analysis of a radon mitigation system using sub-slab air chamber: CFD model development and validation in an experimental case,https://www.sciencedirect.com/science/article/pii/S0265931X2600161X?dgcid=rss_sd_all,Journal of Environmental Radioactivity,June 2026,4,Radionuclide study without clear hydrogeochemical groundwater context.,radionuclide,2026-05-24T23:10:56Z,hlw-radionuclide
https://www.sciencedirect.com/science/article/pii/S0265931X26001578,AMS radiocarbon dating and PIXE elemental analysis of historical artworks: a comparative study with modern paintings and prospects for radioisotope dating,https://www.sciencedirect.com/science/article/pii/S0265931X26001578?dgcid=rss_sd_all,Journal of Environmental Radioactivity,June 2026,5,"Isotope methods outside hydrogeochemistry context — same domain, off-profile.",isotope-methods,2026-05-24T23:10:56Z,radiocarbon
https://www.sciencedirect.com/science/article/pii/S0265931X26001554,"Geochemical and taphonomic interpretation of uranium accumulation in fossils: a case study of fossilized sponges from Nasiłów, Poland",https://www.sciencedirect.com/science/article/pii/S0265931X26001554?dgcid=rss_sd_all,Journal of Environmental Radioactivity,June 2026,4,Radionuclide study without clear hydrogeochemical groundwater context.,radionuclide,2026-05-24T23:10:56Z,hlw-radionuclide
https://www.sciencedirect.com/science/article/pii/S0265931X26001426,Radioactivity behavior in hydrothermal volcanic systems: Preliminary in situ investigations at high and low gas flux degassing areas,https://www.sciencedirect.com/science/article/pii/S0265931X26001426?dgcid=rss_sd_all,Journal of Environmental Radioactivity,June 2026,6,Geothermal system study — adjacent to research interests.,geothermal,2026-05-24T23:10:56Z,geothermal
https://www.sciencedirect.com/science/article/pii/S0265931X26001347,Atmospheric dispersion of reactor-released 41 Ar on the near range: A model intercomparison study,https://www.sciencedirect.com/science/article/pii/S0265931X26001347?dgcid=rss_sd_all,Journal of Environmental Radioactivity,June 2026,2,Not related to hydrogeochemistry or Jaehoon's research profile.,,2026-05-24T23:10:56Z,other
https://www.sciencedirect.com/science/article/pii/S0265931X26001402,KdMultigrid – A tool for generating multidimensional look-up tables with solid-liquid distribution coefficients for radioecological and transport modeling,https://www.sciencedirect.com/science/article/pii/S0265931X26001402?dgcid=rss_sd_all,Journal of Environmental Radioactivity,June 2026,2,Not related to hydrogeochemistry or Jaehoon's research profile.,,2026-05-24T23:10:56Z,other
https://www.sciencedirect.com/science/article/pii/S0265931X26001530,Quarterly and seasonal correction factors for indoor radon and thoron in four different climatological areas of Cameroon,https://www.sciencedirect.com/science/article/pii/S0265931X26001530?dgcid=rss_sd_all,Journal of Environmental Radioactivity,June 2026,4,Radionuclide study without clear hydrogeochemical groundwater context.,radionuclide,2026-05-24T23:10:56Z,hlw-radionuclide
https://www.sciencedirect.com/science/article/pii/S0265931X26001438,Influence of seasonal environmental conditions on 222 Rn concentration in the surface water of the River Nile,https://www.sciencedirect.com/science/article/pii/S0265931X26001438?dgcid=rss_sd_all,Journal of Environmental Radioactivity,June 2026,6,Radionuclide geochemistry in groundwater context — adjacent to HLW research.,"radionuclide,groundwater",2026-05-24T23:10:56Z,hlw-radionuclide
https://www.sciencedirect.com/science/article/pii/S0265931X26001542,Creating high-precision reference gas standards of 85 Kr for groundwater age dating,https://www.sciencedirect.com/science/article/pii/S0265931X26001542?dgcid=rss_sd_all,Journal of Environmental Radioactivity,June 2026,6,Radionuclide geochemistry in groundwater context — adjacent to HLW research.,"radionuclide,groundwater",2026-05-24T23:10:56Z,mixing-modeling
https://www.sciencedirect.com/science/article/pii/S0265931X26001414,"Diffusion of iodide in compacted Beishan Granite: Impact of saturation duration, ionic strength, and dry density",https://www.sciencedirect.com/science/article/pii/S0265931X26001414?dgcid=rss_sd_all,Journal of Environmental Radioactivity,June 2026,9,Deep groundwater in HLW/nuclear disposal context — directly relevant to core research.,"deep-groundwater,hlw-nuclear",2026-05-24T23:10:56Z,hlw-radionuclide
https://www.sciencedirect.com/science/article/pii/S0265931X26001529,Proficiency testing for official laboratories for 137 Cs and 134 Cs determination in soil,https://www.sciencedirect.com/science/article/pii/S0265931X26001529?dgcid=rss_sd_all,Journal of Environmental Radioactivity,June 2026,4,Radionuclide study without clear hydrogeochemical groundwater context.,radionuclide,2026-05-24T23:10:56Z,hlw-radionuclide
https://www.sciencedirect.com/science/article/pii/S0265931X26001335,Near-field dispersion of radioactive nuclides from nuclear power plants under different meteorological conditions,https://www.sciencedirect.com/science/article/pii/S0265931X26001335?dgcid=rss_sd_all,Journal of Environmental Radioactivity,June 2026,4,Radionuclide study without clear hydrogeochemical groundwater context.,radionuclide,2026-05-24T23:10:56Z,hlw-radionuclide
https://www.sciencedirect.com/science/article/pii/S0265931X26001451,Why effective and environmental half-lives may be unbounded – a Gabriel's Horn analogy,https://www.sciencedirect.com/science/article/pii/S0265931X26001451?dgcid=rss_sd_all,Journal of Environmental Radioactivity,June 2026,4,Radionuclide study without clear hydrogeochemical groundwater context.,radionuclide,2026-05-24T23:10:56Z,hlw-radionuclide
https://www.sciencedirect.com/science/article/pii/S0265931X2600144X,Fukushima-derived radiocesium in the western North Pacific Ocean the decade after the accident,https://www.sciencedirect.com/science/article/pii/S0265931X2600144X?dgcid=rss_sd_all,Journal of Environmental Radioactivity,June 2026,2,Not related to hydrogeochemistry or Jaehoon's research profile.,,2026-05-24T23:10:56Z,other
https://www.sciencedirect.com/science/article/pii/S0265931X26001360,Radionuclide transfer to vegetables: comparison furrows and sprinkler irrigations,https://www.sciencedirect.com/science/article/pii/S0265931X26001360?dgcid=rss_sd_all,Journal of Environmental Radioactivity,June 2026,4,Radionuclide study without clear hydrogeochemical groundwater context.,radionuclide,2026-05-24T23:10:56Z,hlw-radionuclide
https://www.sciencedirect.com/science/article/pii/S0265931X26001396,"Age dating of sediment cores in Sorsogon Bay, Philippines, using 210 Pb method: A revisit",https://www.sciencedirect.com/science/article/pii/S0265931X26001396?dgcid=rss_sd_all,Journal of Environmental Radioactivity,June 2026,2,Not related to hydrogeochemistry or Jaehoon's research profile.,,2026-05-24T23:10:56Z,other
https://www.sciencedirect.com/science/article/pii/S0265931X26001359,"Ocean acidification does not affect the trophic transfer of Ag, Co, and Zn in the cuttlefish Sepia officinalis",https://www.sciencedirect.com/science/article/pii/S0265931X26001359?dgcid=rss_sd_all,Journal of Environmental Radioactivity,June 2026,2,Not related to hydrogeochemistry or Jaehoon's research profile.,,2026-05-24T23:10:56Z,other
https://www.sciencedirect.com/science/article/pii/S0265931X2600130X,Dynamic response of radon exhalation to dam instability in uranium tailings impoundment: Coupled with laser ranging monitoring,https://www.sciencedirect.com/science/article/pii/S0265931X2600130X?dgcid=rss_sd_all,Journal of Environmental Radioactivity,June 2026,4,Radionuclide study without clear hydrogeochemical groundwater context.,radionuclide,2026-05-24T23:10:56Z,hlw-radionuclide
https://www.sciencedirect.com/science/article/pii/S0265931X26000445,A multidisciplinary data synthesis for environmentally-relevant beta-emitting radionuclides in radioactive waste,https://www.sciencedirect.com/science/article/pii/S0265931X26000445?dgcid=rss_sd_all,Journal of Environmental Radioactivity,June 2026,8,HLW/nuclear waste geochemistry in groundwater context — core research area.,hlw-nuclear,2026-05-24T23:10:56Z,hlw-radionuclide
https://www.sciencedirect.com/science/article/pii/S0265931X26001384,Release and fractionation of naturally occurring radionuclides in geothermal systems and the potential role of organic matter,https://www.sciencedirect.com/science/article/pii/S0265931X26001384?dgcid=rss_sd_all,Journal of Environmental Radioactivity,June 2026,8,Geothermal hydrogeochemistry — strong overlap with research profile.,geothermal,2026-05-24T23:10:56Z,geothermal
https://www.sciencedirect.com/science/article/pii/S0265931X26001311,Radioisotopes in Quaternary geochronology: Recent advances,https://www.sciencedirect.com/science/article/pii/S0265931X26001311?dgcid=rss_sd_all,Journal of Environmental Radioactivity,June 2026,5,"Isotope methods outside hydrogeochemistry context — same domain, off-profile.",isotope-methods,2026-05-24T23:10:56Z,radiocarbon
https://www.sciencedirect.com/science/article/pii/S0265931X26001244,Linking forest compartments to the long-term decline rates of 137 Cs in stream fish: A contaminated headwater catchment in Fukushima,https://www.sciencedirect.com/science/article/pii/S0265931X26001244?dgcid=rss_sd_all,Journal of Environmental Radioactivity,May 2026,2,Not related to hydrogeochemistry or Jaehoon's research profile.,,2026-05-24T23:10:56Z,other
https://www.sciencedirect.com/science/article/pii/S0265931X26001281,"Plutonium isotopes in surface air at Chiba City, Japan from 2016 to 2023: occurrence of anomalous 238 Pu",https://www.sciencedirect.com/science/article/pii/S0265931X26001281?dgcid=rss_sd_all,Journal of Environmental Radioactivity,May 2026,2,Not related to hydrogeochemistry or Jaehoon's research profile.,,2026-05-24T23:10:56Z,other
https://www.sciencedirect.com/science/article/pii/S0265931X26001268,Development of synthetic scenarios to assess the transfer of radionuclides to groundwater from liquid discharges in NORM industries,https://www.sciencedirect.com/science/article/pii/S0265931X26001268?dgcid=rss_sd_all,Journal of Environmental Radioactivity,May 2026,6,Radionuclide geochemistry in groundwater context — adjacent to HLW research.,"radionuclide,groundwater",2026-05-24T23:10:56Z,redox-contamination
https://www.sciencedirect.com/science/article/pii/S0265931X26001323,Feasibility study of tRAYcy-based efficiency calibration and transfer methods for HPGe gamma-ray spectrometry,https://www.sciencedirect.com/science/article/pii/S0265931X26001323?dgcid=rss_sd_all,Journal of Environmental Radioactivity,May 2026,4,Radionuclide study without clear hydrogeochemical groundwater context.,radionuclide,2026-05-24T23:10:56Z,hlw-radionuclide
https://www.sciencedirect.com/science/article/pii/S0265931X2600127X,Assessment of beta-emitting radionuclide accumulation in food and tobacco products during long-term storage,https://www.sciencedirect.com/science/article/pii/S0265931X2600127X?dgcid=rss_sd_all,Journal of Environmental Radioactivity,May 2026,4,Radionuclide study without clear hydrogeochemical groundwater context.,radionuclide,2026-05-24T23:10:56Z,hlw-radionuclide
https://www.sciencedirect.com/science/article/pii/S0265931X2600113X,"Analysis of parameters and seasonal variations of 7 Be deposition flux in Dazaifu, western Japan (2017–2018)",https://www.sciencedirect.com/science/article/pii/S0265931X2600113X?dgcid=rss_sd_all,Journal of Environmental Radioactivity,May 2026,4,Radionuclide study without clear hydrogeochemical groundwater context.,radionuclide,2026-05-24T23:10:56Z,hlw-radionuclide
https://www.sciencedirect.com/science/article/pii/S0265931X26001141,The ability of crystalline rocks to adsorb radionuclides after exposure to aggressive environments,https://www.sciencedirect.com/science/article/pii/S0265931X26001141?dgcid=rss_sd_all,Journal of Environmental Radioactivity,May 2026,9,Deep groundwater in HLW/nuclear disposal context — directly relevant to core research.,"deep-groundwater,hlw-nuclear",2026-05-24T23:10:56Z,hlw-radionuclide
https://www.sciencedirect.com/science/article/pii/S0265931X26001165,Measurement of radon exhalation parameters in normal concrete and its application in prediction model of indoor radon concentration,https://www.sciencedirect.com/science/article/pii/S0265931X26001165?dgcid=rss_sd_all,Journal of Environmental Radioactivity,May 2026,4,Radionuclide study without clear hydrogeochemical groundwater context.,radionuclide,2026-05-24T23:10:56Z,hlw-radionuclide
https://www.sciencedirect.com/science/article/pii/S0265931X26001219,Temporal and spatial variation in 137 Cs concentrations in wild boar ( Sus scrofa ) from Sweden,https://www.sciencedirect.com/science/article/pii/S0265931X26001219?dgcid=rss_sd_all,Journal of Environmental Radioactivity,May 2026,4,Radionuclide study without clear hydrogeochemical groundwater context.,radionuclide,2026-05-24T23:10:56Z,hlw-radionuclide
https://www.sciencedirect.com/science/article/pii/S0265931X26001098,"Assessment of the potential bioaccessibility of 210 Po, 232 Th and uranium radionuclides from snus to consumers",https://www.sciencedirect.com/science/article/pii/S0265931X26001098?dgcid=rss_sd_all,Journal of Environmental Radioactivity,May 2026,4,Radionuclide study without clear hydrogeochemical groundwater context.,radionuclide,2026-05-24T23:10:56Z,hlw-radionuclide
https://www.sciencedirect.com/science/article/pii/S0265931X26001232,Post-accident radiological impact evaluation for small modular reactor and commercial nuclear power plants in Estonia,https://www.sciencedirect.com/science/article/pii/S0265931X26001232?dgcid=rss_sd_all,Journal of Environmental Radioactivity,May 2026,2,Not related to hydrogeochemistry or Jaehoon's research profile.,,2026-05-24T23:10:56Z,other
https://www.sciencedirect.com/science/article/pii/S0265931X26000950,"Radioactive (Pu, 210 Pb, 234 Th and 226 Ra) and chemical (Mn, Fe, Al) tracers to evaluate sediment accumulation and biodiffusion in the southern Gulf of Mexico",https://www.sciencedirect.com/science/article/pii/S0265931X26000950?dgcid=rss_sd_all,Journal of Environmental Radioactivity,May 2026,5,"Isotope methods outside hydrogeochemistry context — same domain, off-profile.",isotope-methods,2026-05-24T23:10:56Z,radiocarbon
https://www.sciencedirect.com/science/article/pii/S0265931X26001220,Use of feed supplemented with the veterinary drug Ferrocyn 2 to reduce 137 Cs contamination in fish under real aquaculture conditions,https://www.sciencedirect.com/science/article/pii/S0265931X26001220?dgcid=rss_sd_all,Journal of Environmental Radioactivity,May 2026,4,Radionuclide study without clear hydrogeochemical groundwater context.,radionuclide,2026-05-24T23:10:56Z,hlw-radionuclide
https://www.sciencedirect.com/science/article/pii/S0265931X26001128,"Natural radioactivity and GIS mapping of soils in Binh Phuoc, Vietnam",https://www.sciencedirect.com/science/article/pii/S0265931X26001128?dgcid=rss_sd_all,Journal of Environmental Radioactivity,May 2026,4,Radionuclide study without clear hydrogeochemical groundwater context.,radionuclide,2026-05-24T23:10:56Z,hlw-radionuclide
https://www.sciencedirect.com/science/article/pii/S0265931X26001104,"Radiocarbon activity of gases in urban surface air in Bratislava, Slovakia",https://www.sciencedirect.com/science/article/pii/S0265931X26001104?dgcid=rss_sd_all,Journal of Environmental Radioactivity,May 2026,5,"Isotope methods outside hydrogeochemistry context — same domain, off-profile.",isotope-methods,2026-05-24T23:10:56Z,radiocarbon
https://www.sciencedirect.com/science/article/pii/S0265931X26001086,"A georeferenced baseline and GIS-based screening of natural radioactivity in coastal sediments and nearshore waters of Da Nang, Viet Nam",https://www.sciencedirect.com/science/article/pii/S0265931X26001086?dgcid=rss_sd_all,Journal of Environmental Radioactivity,May 2026,4,Radionuclide study without clear hydrogeochemical groundwater context.,radionuclide,2026-05-24T23:10:56Z,hlw-radionuclide
https://www.sciencedirect.com/science/article/pii/S0265931X26001207,Tracing submarine groundwater discharge in a semi-enclosed bay using pulsed ionization chamber radon detector,https://www.sciencedirect.com/science/article/pii/S0265931X26001207?dgcid=rss_sd_all,Journal of Environmental Radioactivity,May 2026,6,Radionuclide geochemistry in groundwater context — adjacent to HLW research.,"radionuclide,groundwater",2026-05-24T23:10:56Z,hlw-radionuclide
https://www.sciencedirect.com/science/article/pii/S0265931X26001153,Physics-informed deep learning for rapid marine radionuclide dispersion forecasting in nuclear emergency response,https://www.sciencedirect.com/science/article/pii/S0265931X26001153?dgcid=rss_sd_all,Journal of Environmental Radioactivity,May 2026,4,Radionuclide study without clear hydrogeochemical groundwater context.,radionuclide,2026-05-24T23:10:56Z,hlw-radionuclide
https://www.sciencedirect.com/science/article/pii/S0265931X26001177,Monte Carlo simulation-based characteristics of indoor radon concentrations and exploratory probabilistic risk analysis in university buildings,https://www.sciencedirect.com/science/article/pii/S0265931X26001177?dgcid=rss_sd_all,Journal of Environmental Radioactivity,May 2026,4,Radionuclide study without clear hydrogeochemical groundwater context.,radionuclide,2026-05-24T23:10:56Z,hlw-radionuclide
https://www.sciencedirect.com/science/article/pii/S0265931X26001190,"Impact of wildfire on the distribution and migration of plutonium and cesium isotopes in forest soils, Lu mountain, Sichuan",https://www.sciencedirect.com/science/article/pii/S0265931X26001190?dgcid=rss_sd_all,Journal of Environmental Radioactivity,May 2026,4,Radionuclide study without clear hydrogeochemical groundwater context.,radionuclide,2026-05-24T23:10:56Z,hlw-radionuclide
https://www.sciencedirect.com/science/article/pii/S0265931X26000913,Spatiotemporal changes in 137 Cs concentration in Japanese flounder Paralichthys olivaceus in Sendai Bay and the adjacent area off the coast of Fukushima Prefecture in relation to the dynamic states of 137 Cs in the ecosystem,https://www.sciencedirect.com/science/article/pii/S0265931X26000913?dgcid=rss_sd_all,Journal of Environmental Radioactivity,May 2026,2,Not related to hydrogeochemistry or Jaehoon's research profile.,,2026-05-24T23:10:56Z,other
https://www.sciencedirect.com/science/article/pii/S0265931X26001189,"Characterizing mud volcanic activity through terrestrial gamma radiation: Insights into subsurface processes at the Piparo Mud Volcano, Trinidad and Tobago",https://www.sciencedirect.com/science/article/pii/S0265931X26001189?dgcid=rss_sd_all,Journal of Environmental Radioactivity,May 2026,4,Radionuclide study without clear hydrogeochemical groundwater context.,radionuclide,2026-05-24T23:10:56Z,hlw-radionuclide
https://www.sciencedirect.com/science/article/pii/S0265931X26001050,Updated ICRP dosimetry amplifies limitations of WHO adult-based radium screening: implications for early-life and lifetime exposure,https://www.sciencedirect.com/science/article/pii/S0265931X26001050?dgcid=rss_sd_all,Journal of Environmental Radioactivity,May 2026,4,Radionuclide study without clear hydrogeochemical groundwater context.,radionuclide,2026-05-24T23:10:56Z,hlw-radionuclide
https://www.sciencedirect.com/science/article/pii/S0265931X26000883,Survey of radon concentrations and dose estimation in 87 greenhouses in China,https://www.sciencedirect.com/science/article/pii/S0265931X26000883?dgcid=rss_sd_all,Journal of Environmental Radioactivity,May 2026,4,Radionuclide study without clear hydrogeochemical groundwater context.,radionuclide,2026-05-24T23:10:56Z,hlw-radionuclide
https://www.sciencedirect.com/science/article/pii/S0265931X26001116,Radiocesium uptake and distribution in Japanese cedar ( Cryptomeria japonica D. Don): A review of current knowledge and future perspectives,https://www.sciencedirect.com/science/article/pii/S0265931X26001116?dgcid=rss_sd_all,Journal of Environmental Radioactivity,May 2026,2,Not related to hydrogeochemistry or Jaehoon's research profile.,,2026-05-24T23:10:56Z,other
https://www.sciencedirect.com/science/article/pii/S0265931X26000871,"Developments of analytical techniques for the determination of 237 Np/ 239 Pu atom ratios on air filters from Vienna, Austria",https://www.sciencedirect.com/science/article/pii/S0265931X26000871?dgcid=rss_sd_all,Journal of Environmental Radioactivity,May 2026,2,Not related to hydrogeochemistry or Jaehoon's research profile.,,2026-05-24T23:10:56Z,radiocarbon
https://www.sciencedirect.com/science/article/pii/S0265931X26001037,"Analytical approach for 226 Ra, 228 Ra and 210 Pb measurements for environmental monitoring using liquid scintillation spectrometry",https://www.sciencedirect.com/science/article/pii/S0265931X26001037?dgcid=rss_sd_all,Journal of Environmental Radioactivity,May 2026,6,Radionuclide geochemistry in groundwater context — adjacent to HLW research.,"radionuclide,groundwater",2026-05-24T23:10:56Z,hlw-radionuclide
https://www.sciencedirect.com/science/article/pii/S0265931X26001074,A-type granitoids as a major source of indoor radon and gamma radiation: Insights from the Punilla valley (Argentina),https://www.sciencedirect.com/science/article/pii/S0265931X26001074?dgcid=rss_sd_all,Journal of Environmental Radioactivity,May 2026,7,Deep groundwater redox conditions — adjacent to core research.,"deep-groundwater,redox",2026-05-24T23:10:56Z,deep-groundwater
https://www.sciencedirect.com/science/article/pii/S0265931X26001062,Noble gas diffusion in tuff: Effects of temperature and pressure investigated with a modified time-lag method,https://www.sciencedirect.com/science/article/pii/S0265931X26001062?dgcid=rss_sd_all,Journal of Environmental Radioactivity,May 2026,5,"Isotope methods outside hydrogeochemistry context — same domain, off-profile.",isotope-methods,2026-05-24T23:10:56Z,metal-isotopes
https://www.sciencedirect.com/science/article/pii/S0265931X26000949,The uptake and persistence of radioactive strontium in the calcified tissues of marine organisms of the Fukushima coastal region,https://www.sciencedirect.com/science/article/pii/S0265931X26000949?dgcid=rss_sd_all,Journal of Environmental Radioactivity,May 2026,4,Radionuclide study without clear hydrogeochemical groundwater context.,radionuclide,2026-05-24T23:10:56Z,hlw-radionuclide
https://www.sciencedirect.com/science/article/pii/S0265931X26000858,Radiological impact from NORM discharges in the North Sea – A comparative study of aquatic modelling approaches and their implications for environmental protection,https://www.sciencedirect.com/science/article/pii/S0265931X26000858?dgcid=rss_sd_all,Journal of Environmental Radioactivity,May 2026,4,Radionuclide study without clear hydrogeochemical groundwater context.,radionuclide,2026-05-24T23:10:56Z,hlw-radionuclide
https://www.sciencedirect.com/science/article/pii/S0265931X26000937,"Radioecological assessment of uranium isotopes in the soil-plant transfer process of the Hail Region, Saudi Arabia: Bioaccumulation, translocation, and exposure doses",https://www.sciencedirect.com/science/article/pii/S0265931X26000937?dgcid=rss_sd_all,Journal of Environmental Radioactivity,May 2026,4,Radionuclide study without clear hydrogeochemical groundwater context.,radionuclide,2026-05-24T23:10:56Z,hlw-radionuclide
https://www.sciencedirect.com/science/article/pii/S0265931X26001049,A Python implementation of the upgraded χ-mapping TERESA model for 210 Pb dating of recent sediments: Software and case studies,https://www.sciencedirect.com/science/article/pii/S0265931X26001049?dgcid=rss_sd_all,Journal of Environmental Radioactivity,May 2026,2,Not related to hydrogeochemistry or Jaehoon's research profile.,,2026-05-24T23:10:56Z,other
https://www.sciencedirect.com/science/article/pii/S0265931X26000925,"Spatiotemporal variation in radiocesium concentrations under low-flow conditions in urban water bodies in Fukushima Prefecture, Japan",https://www.sciencedirect.com/science/article/pii/S0265931X26000925?dgcid=rss_sd_all,Journal of Environmental Radioactivity,May 2026,5,"Isotope methods outside hydrogeochemistry context — same domain, off-profile.",isotope-methods,2026-05-24T23:10:56Z,metal-isotopes
https://www.sciencedirect.com/science/article/pii/S0265931X26000895,Radiological contamination in soils near the world's largest rare earth minerals producing region and their impacts on human health: A summary analysis,https://www.sciencedirect.com/science/article/pii/S0265931X26000895?dgcid=rss_sd_all,Journal of Environmental Radioactivity,May 2026,4,Radionuclide study without clear hydrogeochemical groundwater context.,radionuclide,2026-05-24T23:10:56Z,hlw-radionuclide
https://www.sciencedirect.com/science/article/pii/S0265931X26001293,"Interfacial processes and biogeochemical cycling of plutonium in environmental media: Sources, transformation, and impacts",https://www.sciencedirect.com/science/article/pii/S0265931X26001293?dgcid=rss_sd_all,Journal of Environmental Radioactivity,May 2026,2,Not related to hydrogeochemistry or Jaehoon's research profile.,,2026-05-24T23:10:56Z,other
https://www.sciencedirect.com/science/article/pii/S0265931X26001256,Radium recovery from mining tailings: A comprehensive review of techniques and applications,https://www.sciencedirect.com/science/article/pii/S0265931X26001256?dgcid=rss_sd_all,Journal of Environmental Radioactivity,May 2026,4,Radionuclide study without clear hydrogeochemical groundwater context.,radionuclide,2026-05-24T23:10:56Z,hlw-radionuclide
https://www.sciencedirect.com/science/article/pii/S0265931X26001499,Editorial Board,https://www.sciencedirect.com/science/article/pii/S0265931X26001499?dgcid=rss_sd_all,Journal of Environmental Radioactivity,May 2026,2,Not related to hydrogeochemistry or Jaehoon's research profile.,,2026-05-24T23:10:56Z,other
https://www.sciencedirect.com/science/article/pii/S2214581826004593,Gradient boosting machine for enhancing global forecast data products of seasonal precipitation: Hirmand river basin experience,https://www.sciencedirect.com/science/article/pii/S2214581826004593?dgcid=rss_sd_all,Journal of Hydrology: Regional Studies,August 2026,2,Not related to hydrogeochemistry or Jaehoon's research profile.,,2026-05-24T23:10:56Z,other
https://www.sciencedirect.com/science/article/pii/S2214581826004520,Nonstationary risk analysis of drought–flood abrupt alternation events in the Pearl River Basin using the GAMLSS framework: Return period and design values,https://www.sciencedirect.com/science/article/pii/S2214581826004520?dgcid=rss_sd_all,Journal of Hydrology: Regional Studies,August 2026,2,Not related to hydrogeochemistry or Jaehoon's research profile.,,2026-05-24T23:10:56Z,other
https://www.sciencedirect.com/science/article/pii/S2214581826004623,Synergizing SWOT and virtual-station hypsometry for extreme reservoir monitoring: Characterizing the 2025 Beijing’s Miyun flood,https://www.sciencedirect.com/science/article/pii/S2214581826004623?dgcid=rss_sd_all,Journal of Hydrology: Regional Studies,August 2026,2,Not related to hydrogeochemistry or Jaehoon's research profile.,,2026-05-24T23:10:56Z,other
https://www.sciencedirect.com/science/article/pii/S2214581826004453,Investigating correlative & causal drivers of precipitation-driven groundwater recharge occurrences in southeastern Australia,https://www.sciencedirect.com/science/article/pii/S2214581826004453?dgcid=rss_sd_all,Journal of Hydrology: Regional Studies,August 2026,3,General groundwater study with little isotope or geochemical relevance to profile.,groundwater,2026-05-24T23:10:56Z,site-characterization
https://www.sciencedirect.com/science/article/pii/S2214581826004611,From cylinder-scale drag to reach-scale resistance in debris-flow routing: A flume-based framework,https://www.sciencedirect.com/science/article/pii/S2214581826004611?dgcid=rss_sd_all,Journal of Hydrology: Regional Studies,August 2026,2,Not related to hydrogeochemistry or Jaehoon's research profile.,,2026-05-24T23:10:56Z,other
https://www.sciencedirect.com/science/article/pii/S2214581826004489,Spatiotemporal shifts and drivers of snowmelt floods on the Tibetan Plateau under climate and permafrost change,https://www.sciencedirect.com/science/article/pii/S2214581826004489?dgcid=rss_sd_all,Journal of Hydrology: Regional Studies,August 2026,2,Not related to hydrogeochemistry or Jaehoon's research profile.,,2026-05-24T23:10:56Z,other
https://www.sciencedirect.com/science/article/pii/S2214581826004544,Variable unit hydrograph incorporating antecedent flood recession and rainfall spatial distribution: A case study in the Liulin Experimental Watershed,https://www.sciencedirect.com/science/article/pii/S2214581826004544?dgcid=rss_sd_all,Journal of Hydrology: Regional Studies,August 2026,2,Not related to hydrogeochemistry or Jaehoon's research profile.,,2026-05-24T23:10:56Z,other
https://www.sciencedirect.com/science/article/pii/S2214581826004519,"Impact of climate change on hydrological processes in data-scarce regions: A case study in Tianshan Mountain, Central Asia",https://www.sciencedirect.com/science/article/pii/S2214581826004519?dgcid=rss_sd_all,Journal of Hydrology: Regional Studies,August 2026,2,Not related to hydrogeochemistry or Jaehoon's research profile.,,2026-05-24T23:10:56Z,other
https://www.sciencedirect.com/science/article/pii/S2214581826004295,"Integrating hydrogeochemical diagnostics, inverse modeling, and explainable machine learning to predict drinking water quality in the Yulin river basin, southwestern China",https://www.sciencedirect.com/science/article/pii/S2214581826004295?dgcid=rss_sd_all,Journal of Hydrology: Regional Studies,August 2026,6,Machine learning applied to hydrogeochemistry or groundwater — secondary interest.,"ml-methods,hydrogeochemistry",2026-05-24T23:10:56Z,ml-methods
https://www.sciencedirect.com/science/article/pii/S2214581826004428,Three-dimensional landslide rainfall threshold model driven by multi-source rainfall data: Development and performance evaluation,https://www.sciencedirect.com/science/article/pii/S2214581826004428?dgcid=rss_sd_all,Journal of Hydrology: Regional Studies,August 2026,2,Not related to hydrogeochemistry or Jaehoon's research profile.,,2026-05-24T23:10:56Z,other
https://www.sciencedirect.com/science/article/pii/S2214581826004507,"Intense pumping in regional groundwater discharge areas: The problem of crop salinization in an inland aquifer (Cenozoic Duero basin aquifer, Spain)",https://www.sciencedirect.com/science/article/pii/S2214581826004507?dgcid=rss_sd_all,Journal of Hydrology: Regional Studies,August 2026,7,Groundwater isotope hydrology — adjacent to core research profile.,"isotope-methods,groundwater",2026-05-24T23:10:56Z,isotope-hydrology
https://www.sciencedirect.com/science/article/pii/S2214581826004374,Integrating ICESat-2 photon-counting lidar with multispectral imagery for bathymetry retrieval and water storage estimation in Bosten Lake,https://www.sciencedirect.com/science/article/pii/S2214581826004374?dgcid=rss_sd_all,Journal of Hydrology: Regional Studies,August 2026,2,Not related to hydrogeochemistry or Jaehoon's research profile.,,2026-05-24T23:10:56Z,other
https://www.sciencedirect.com/science/article/pii/S2214581826004349,"Cryosphere-hydrosphere interactions under intensifying dryland climate stress: Evidence from glacier-fed lakes in the Munkh-Khairkhan Mountains, Western Mongolia",https://www.sciencedirect.com/science/article/pii/S2214581826004349?dgcid=rss_sd_all,Journal of Hydrology: Regional Studies,August 2026,7,Isotope methods in hydrogeochemical context — adjacent to core research.,"isotope-methods,hydrogeochemistry",2026-05-24T23:10:56Z,ml-methods
https://www.sciencedirect.com/science/article/pii/S2214581826004325,Multi-timescale streamflow projections in human-regulated basins of southwest Iran using CWatM and explainable machine learning,https://www.sciencedirect.com/science/article/pii/S2214581826004325?dgcid=rss_sd_all,Journal of Hydrology: Regional Studies,August 2026,2,Not related to hydrogeochemistry or Jaehoon's research profile.,,2026-05-24T23:10:56Z,other
https://www.sciencedirect.com/science/article/pii/S2214581826004179,A geographically weighted machine learning framework with ICESat‑2 for estimating water storage of ice‑marginal lakes in eastern and northeastern Greenland,https://www.sciencedirect.com/science/article/pii/S2214581826004179?dgcid=rss_sd_all,Journal of Hydrology: Regional Studies,August 2026,2,Not related to hydrogeochemistry or Jaehoon's research profile.,,2026-05-24T23:10:56Z,other
https://www.sciencedirect.com/science/article/pii/S2214581826004404,Investigating hysteresis in floodplain dynamics of lakes in the middle St. Johns River using Sentinel-1 SAR imagery,https://www.sciencedirect.com/science/article/pii/S2214581826004404?dgcid=rss_sd_all,Journal of Hydrology: Regional Studies,August 2026,2,Not related to hydrogeochemistry or Jaehoon's research profile.,,2026-05-24T23:10:56Z,other
https://www.sciencedirect.com/science/article/pii/S2214581826004386,"Linking groundwater hydrochemistry to vegetation dynamics in arid inland river basins, Northwest China",https://www.sciencedirect.com/science/article/pii/S2214581826004386?dgcid=rss_sd_all,Journal of Hydrology: Regional Studies,August 2026,6,Machine learning applied to hydrogeochemistry or groundwater — secondary interest.,"ml-methods,hydrogeochemistry",2026-05-24T23:10:56Z,ml-methods
https://www.sciencedirect.com/science/article/pii/S2214581826004350,A downscaling-fusion framework based on machine learning to improve daily precipitation estimates in the dry-hot valley of southwest China,https://www.sciencedirect.com/science/article/pii/S2214581826004350?dgcid=rss_sd_all,Journal of Hydrology: Regional Studies,August 2026,2,Not related to hydrogeochemistry or Jaehoon's research profile.,,2026-05-24T23:10:56Z,other
https://www.sciencedirect.com/science/article/pii/S2214581826004258,Quantifying the impact of climate change and human activities on the atmospheric water cycle in the Upper Yellow River Basin,https://www.sciencedirect.com/science/article/pii/S2214581826004258?dgcid=rss_sd_all,Journal of Hydrology: Regional Studies,August 2026,2,Not related to hydrogeochemistry or Jaehoon's research profile.,,2026-05-24T23:10:56Z,other
https://www.sciencedirect.com/science/article/pii/S2214581826004362,Propagation of meteorological drought to streamflow and baseflow droughts using an improved SWAT model,https://www.sciencedirect.com/science/article/pii/S2214581826004362?dgcid=rss_sd_all,Journal of Hydrology: Regional Studies,August 2026,2,Not related to hydrogeochemistry or Jaehoon's research profile.,,2026-05-24T23:10:56Z,other
https://www.sciencedirect.com/science/article/pii/S2214581826004313,Quantifying the effect of managed aquifer recharge on the hydrologic resilience of coupled surface-groundwater systems in northeast Germany,https://www.sciencedirect.com/science/article/pii/S2214581826004313?dgcid=rss_sd_all,Journal of Hydrology: Regional Studies,August 2026,3,General groundwater study with little isotope or geochemical relevance to profile.,groundwater,2026-05-24T23:10:56Z,site-characterization
https://www.sciencedirect.com/science/article/pii/S2214581826004167,Effects of debris density and morphology on grate inlet clogging and drainage performance: A VOF-DEM study,https://www.sciencedirect.com/science/article/pii/S2214581826004167?dgcid=rss_sd_all,Journal of Hydrology: Regional Studies,August 2026,2,Not related to hydrogeochemistry or Jaehoon's research profile.,,2026-05-24T23:10:56Z,other
https://www.sciencedirect.com/science/article/pii/S2214581826004209,Revisiting carbonate island recharge using a combined modelling framework to calculate aquifer storage and recharge,https://www.sciencedirect.com/science/article/pii/S2214581826004209?dgcid=rss_sd_all,Journal of Hydrology: Regional Studies,August 2026,3,General groundwater study with little isotope or geochemical relevance to profile.,groundwater,2026-05-24T23:10:56Z,site-characterization
https://www.sciencedirect.com/science/article/pii/S2214581826004271,Spatial heterogeneity and drivers of surface-groundwater interactions in the Yarlung River Watershed during the peak meltwater season under climate warming,https://www.sciencedirect.com/science/article/pii/S2214581826004271?dgcid=rss_sd_all,Journal of Hydrology: Regional Studies,August 2026,6,Radionuclide geochemistry in groundwater context — adjacent to HLW research.,"radionuclide,groundwater",2026-05-24T23:10:56Z,redox-contamination
https://www.sciencedirect.com/science/article/pii/S2214581826004301,Integration of crop coefficients into nonstationary drought indices for improved summer maize drought risk assessment in the Huang-Huai-Hai Plain,https://www.sciencedirect.com/science/article/pii/S2214581826004301?dgcid=rss_sd_all,Journal of Hydrology: Regional Studies,August 2026,2,"Surface water, soil, or atmospheric study — outside hydrogeochemistry profile.",,2026-05-24T23:10:56Z,other
https://www.sciencedirect.com/science/article/pii/S221458182600409X,"VegET evapotranspiration for Africa: Continental-scale simulation, multi-product evaluation, and drought assessment",https://www.sciencedirect.com/science/article/pii/S221458182600409X?dgcid=rss_sd_all,Journal of Hydrology: Regional Studies,August 2026,2,Not related to hydrogeochemistry or Jaehoon's research profile.,,2026-05-24T23:10:56Z,other
https://www.sciencedirect.com/science/article/pii/S2214581826004118,Permafrost thaw and precipitation control late-season nitrate mobilization in a High Arctic periglacial catchment,https://www.sciencedirect.com/science/article/pii/S2214581826004118?dgcid=rss_sd_all,Journal of Hydrology: Regional Studies,August 2026,5,"Isotope methods outside hydrogeochemistry context — same domain, off-profile.",isotope-methods,2026-05-24T23:10:56Z,metal-isotopes
https://www.sciencedirect.com/science/article/pii/S2214581826004222,Corrigendum to “Bridging process-based simulation and deep learning: A location-aware framework for quantifying water diversion impacts on groundwater recovery” [J. Hydrol.: Reg. Stud. 65 (2026) 103480],https://www.sciencedirect.com/science/article/pii/S2214581826004222?dgcid=rss_sd_all,Journal of Hydrology: Regional Studies,June 2026,6,Machine learning applied to hydrogeochemistry or groundwater — secondary interest.,"abstract: none,ml-methods",2026-05-24T23:10:56Z,ml-methods
https://www.sciencedirect.com/science/article/pii/S2214581826002776,Corrigendum to ‘Can Sentinel-2-derived spectral indices improve the accuracy of retrieving optically active water quality parameters using machine learning algorithms?’ [J. Hydrol.: Reg. Stud. 65 (2026) 103356],https://www.sciencedirect.com/science/article/pii/S2214581826002776?dgcid=rss_sd_all,Journal of Hydrology: Regional Studies,June 2026,2,Not related to hydrogeochemistry or Jaehoon's research profile.,abstract: none,2026-05-24T23:10:56Z,other
https://www.sciencedirect.com/science/article/pii/S2214581826002569,Corrigendum to “Spatiotemporal evolution of permafrost deformation and active layer thickness in the eastern Qilian mountains based on an enhanced multi-temporal InSAR” [J. Hydrol. Reg.Stud. 64 (2026) 103151],https://www.sciencedirect.com/science/article/pii/S2214581826002569?dgcid=rss_sd_all,Journal of Hydrology: Regional Studies,June 2026,2,Not related to hydrogeochemistry or Jaehoon's research profile.,abstract: none,2026-05-24T23:10:56Z,other
https://www.sciencedirect.com/science/article/pii/S2214581826004155,Soil temperature dynamics and its relationship with environmental factors under different frozen soil conditions of the Yellow River source region,https://www.sciencedirect.com/science/article/pii/S2214581826004155?dgcid=rss_sd_all,Journal of Hydrology: Regional Studies,June 2026,6,Geothermal system study — adjacent to research interests.,geothermal,2026-05-24T23:10:56Z,geothermal
https://www.sciencedirect.com/science/article/pii/S2214581826004180,Multi-source fusion for high-precision quantitative precipitation estimation in the Pearl River Basin,https://www.sciencedirect.com/science/article/pii/S2214581826004180?dgcid=rss_sd_all,Journal of Hydrology: Regional Studies,June 2026,2,Not related to hydrogeochemistry or Jaehoon's research profile.,,2026-05-24T23:10:56Z,other
https://www.sciencedirect.com/science/article/pii/S2214581826003848,Multi-model prediction of ice jam occurrence probability at Toudaoguai section of the Yellow River based on ice thickness simulation with Unified Degree-Day Method,https://www.sciencedirect.com/science/article/pii/S2214581826003848?dgcid=rss_sd_all,Journal of Hydrology: Regional Studies,June 2026,2,Not related to hydrogeochemistry or Jaehoon's research profile.,,2026-05-24T23:10:56Z,other
https://www.sciencedirect.com/science/article/pii/S221458182600426X,A machine-learning framework to improve GRACE/GRACE-FO terrestrial water storage anomaly in China,https://www.sciencedirect.com/science/article/pii/S221458182600426X?dgcid=rss_sd_all,Journal of Hydrology: Regional Studies,June 2026,6,Machine learning applied to hydrogeochemistry or groundwater — secondary interest.,ml-methods,2026-05-24T23:10:56Z,ml-methods
https://www.sciencedirect.com/science/article/pii/S2214581826004246,Spatiotemporal shift of compound droughts toward China’s agricultural hubs: Insights from a multi−dimensional index integrating groundwater and ecological stress,https://www.sciencedirect.com/science/article/pii/S2214581826004246?dgcid=rss_sd_all,Journal of Hydrology: Regional Studies,June 2026,3,General groundwater study with little isotope or geochemical relevance to profile.,groundwater,2026-05-24T23:10:56Z,site-characterization
https://www.sciencedirect.com/science/article/pii/S2214581826004131,Spatiotemporal evolution of short-cycle drought-flood abrupt alternation based on the optimally selected index in the middle and lower reaches of the Yangtze River,https://www.sciencedirect.com/science/article/pii/S2214581826004131?dgcid=rss_sd_all,Journal of Hydrology: Regional Studies,June 2026,2,Not related to hydrogeochemistry or Jaehoon's research profile.,,2026-05-24T23:10:56Z,other
https://www.sciencedirect.com/science/article/pii/S2214581826004192,Multi-dimensional response of soil moisture distribution to different droughts in complex geomorphic area: A case study of the middle reaches of the Yellow River,https://www.sciencedirect.com/science/article/pii/S2214581826004192?dgcid=rss_sd_all,Journal of Hydrology: Regional Studies,June 2026,2,Not related to hydrogeochemistry or Jaehoon's research profile.,,2026-05-24T23:10:56Z,other
https://www.sciencedirect.com/science/article/pii/S2214581826003915,"Response time and lag time of vegetation drought to meteorological, soil, and groundwater droughts: Non-stationary, linear and nonlinear perspectives",https://www.sciencedirect.com/science/article/pii/S2214581826003915?dgcid=rss_sd_all,Journal of Hydrology: Regional Studies,June 2026,3,General groundwater study with little isotope or geochemical relevance to profile.,groundwater,2026-05-24T23:10:56Z,site-characterization
https://www.sciencedirect.com/science/article/pii/S2214581826003678,"Prioritizing remediation actions and identifying appropriate restoration goals: Findings from four representative eutrophic lakes along the Yangtze River, China",https://www.sciencedirect.com/science/article/pii/S2214581826003678?dgcid=rss_sd_all,Journal of Hydrology: Regional Studies,June 2026,2,Not related to hydrogeochemistry or Jaehoon's research profile.,,2026-05-24T23:10:56Z,other
https://www.sciencedirect.com/science/article/pii/S2214581826003320,"Assessment of stormwater resource utilization in arid‑zone cities: A case study of the Dong‑Kang‑Ejin urban agglomeration, Inner Mongolia, China",https://www.sciencedirect.com/science/article/pii/S2214581826003320?dgcid=rss_sd_all,Journal of Hydrology: Regional Studies,June 2026,2,Not related to hydrogeochemistry or Jaehoon's research profile.,,2026-05-24T23:10:56Z,other
https://www.sciencedirect.com/science/article/pii/S221458182600412X,Vegetation greening drives hydrological drought: Spatiotemporal heterogeneity in a temperate grassland basin,https://www.sciencedirect.com/science/article/pii/S221458182600412X?dgcid=rss_sd_all,Journal of Hydrology: Regional Studies,June 2026,3,General groundwater study with little isotope or geochemical relevance to profile.,groundwater,2026-05-24T23:10:56Z,site-characterization
https://www.sciencedirect.com/science/article/pii/S2214581826003745,Spatiotemporal changes of sediment connectivity and drivers in the debris flow-prone regions of southwest China,https://www.sciencedirect.com/science/article/pii/S2214581826003745?dgcid=rss_sd_all,Journal of Hydrology: Regional Studies,June 2026,2,Not related to hydrogeochemistry or Jaehoon's research profile.,,2026-05-24T23:10:56Z,other
https://www.sciencedirect.com/science/article/pii/S2214581826003939,"A climate-informed nonstationary trivariate drought index for regional assessment in Jiangsu Province, China",https://www.sciencedirect.com/science/article/pii/S2214581826003939?dgcid=rss_sd_all,Journal of Hydrology: Regional Studies,June 2026,3,General groundwater study with little isotope or geochemical relevance to profile.,groundwater,2026-05-24T23:10:56Z,site-characterization
https://www.sciencedirect.com/science/article/pii/S2214581826003940,Research on forecasting of diverse flood types based on the deep learning of sub-modal features in high-altitude mountainous basin,https://www.sciencedirect.com/science/article/pii/S2214581826003940?dgcid=rss_sd_all,Journal of Hydrology: Regional Studies,June 2026,2,Not related to hydrogeochemistry or Jaehoon's research profile.,,2026-05-24T23:10:56Z,other
https://www.sciencedirect.com/science/article/pii/S2214581826004076,Dynamic D-vine copula GAM quantile regression for boosting probabilistic streamflow forecasting reliability,https://www.sciencedirect.com/science/article/pii/S2214581826004076?dgcid=rss_sd_all,Journal of Hydrology: Regional Studies,June 2026,2,Not related to hydrogeochemistry or Jaehoon's research profile.,,2026-05-24T23:10:56Z,other
https://www.sciencedirect.com/science/article/pii/S2214581826003976,Enhancing groundwater resilience through ecological compensation: A pathway for sustainable water resource management in China,https://www.sciencedirect.com/science/article/pii/S2214581826003976?dgcid=rss_sd_all,Journal of Hydrology: Regional Studies,June 2026,4,Groundwater contamination study — same domain but limited profile overlap.,"groundwater,contamination",2026-05-24T23:10:56Z,seawater-intrusion
https://www.sciencedirect.com/science/article/pii/S2214581826004039,Evolution of precipitation-runoff-sediment dependence under environmental change: A Vine Copula analysis of two Loess Plateau basins,https://www.sciencedirect.com/science/article/pii/S2214581826004039?dgcid=rss_sd_all,Journal of Hydrology: Regional Studies,June 2026,2,Not related to hydrogeochemistry or Jaehoon's research profile.,,2026-05-24T23:10:56Z,other
https://www.sciencedirect.com/science/article/pii/S2214581826004040,A flow constrained simplification method for high-resolution fracture networks in epikarst zone,https://www.sciencedirect.com/science/article/pii/S2214581826004040?dgcid=rss_sd_all,Journal of Hydrology: Regional Studies,June 2026,3,General groundwater study with little isotope or geochemical relevance to profile.,groundwater,2026-05-24T23:10:56Z,site-characterization
https://www.sciencedirect.com/science/article/pii/S2214581826004027,Impacts of underground structures on the hydrological functions of urban green spaces,https://www.sciencedirect.com/science/article/pii/S2214581826004027?dgcid=rss_sd_all,Journal of Hydrology: Regional Studies,June 2026,2,Not related to hydrogeochemistry or Jaehoon's research profile.,,2026-05-24T23:10:56Z,other
https://www.sciencedirect.com/science/article/pii/S2214581826003927,Optimizing flood susceptibility mapping using GIS-based frequency ratio and analytic hierarchy process: A case study in Thailand,https://www.sciencedirect.com/science/article/pii/S2214581826003927?dgcid=rss_sd_all,Journal of Hydrology: Regional Studies,June 2026,2,Not related to hydrogeochemistry or Jaehoon's research profile.,,2026-05-24T23:10:56Z,other
https://www.sciencedirect.com/science/article/pii/S2214581826003988,Accelerated glacier retreat in the Irtysh River Basin (Kazakhstan) during 1993–2022,https://www.sciencedirect.com/science/article/pii/S2214581826003988?dgcid=rss_sd_all,Journal of Hydrology: Regional Studies,June 2026,2,Not related to hydrogeochemistry or Jaehoon's research profile.,,2026-05-24T23:10:56Z,other
https://www.sciencedirect.com/science/article/pii/S221458182600368X,"Water balance–based evaluation and attribution of multi-source evapotranspiration datasets in the Qinling–Daba Mountains, China",https://www.sciencedirect.com/science/article/pii/S221458182600368X?dgcid=rss_sd_all,Journal of Hydrology: Regional Studies,June 2026,3,General groundwater study with little isotope or geochemical relevance to profile.,groundwater,2026-05-24T23:10:56Z,site-characterization
https://www.sciencedirect.com/science/article/pii/S2214581826003964,Numerical simulation of freeze-up process and optimized ice boom deployment in a natural river reach,https://www.sciencedirect.com/science/article/pii/S2214581826003964?dgcid=rss_sd_all,Journal of Hydrology: Regional Studies,June 2026,2,Not related to hydrogeochemistry or Jaehoon's research profile.,,2026-05-24T23:10:56Z,other
https://www.sciencedirect.com/science/article/pii/S221458182600399X,Characterizing the impacts of Climate Change and Human activities to wetland suitability in a mid-high latitude region,https://www.sciencedirect.com/science/article/pii/S221458182600399X?dgcid=rss_sd_all,Journal of Hydrology: Regional Studies,June 2026,2,"Surface water, soil, or atmospheric study — outside hydrogeochemistry profile.",,2026-05-24T23:10:56Z,other
https://www.sciencedirect.com/science/article/pii/S2214581826003952,"Monitoring agricultural drought in Xinjiang, China, using the climatic precipitation evapotranspiration index",https://www.sciencedirect.com/science/article/pii/S2214581826003952?dgcid=rss_sd_all,Journal of Hydrology: Regional Studies,June 2026,2,Not related to hydrogeochemistry or Jaehoon's research profile.,,2026-05-24T23:10:56Z,other
https://www.sciencedirect.com/science/article/pii/S2214581826003836,Summer monsoon precipitation patterns and their relationship to flood probabilities across Pakistan,https://www.sciencedirect.com/science/article/pii/S2214581826003836?dgcid=rss_sd_all,Journal of Hydrology: Regional Studies,June 2026,2,Not related to hydrogeochemistry or Jaehoon's research profile.,,2026-05-24T23:10:56Z,other
https://www.sciencedirect.com/science/article/pii/S2214581826003770,Spatial heterogeneity and multivariate drivers of flood hazard in data-scarce small watersheds,https://www.sciencedirect.com/science/article/pii/S2214581826003770?dgcid=rss_sd_all,Journal of Hydrology: Regional Studies,June 2026,2,Not related to hydrogeochemistry or Jaehoon's research profile.,,2026-05-24T23:10:56Z,other
https://www.sciencedirect.com/science/article/pii/S2214581826003666,Spatiotemporal evolution and driving mechanisms of agricultural drought across different spatial scales in Northeast China,https://www.sciencedirect.com/science/article/pii/S2214581826003666?dgcid=rss_sd_all,Journal of Hydrology: Regional Studies,June 2026,2,Not related to hydrogeochemistry or Jaehoon's research profile.,,2026-05-24T23:10:56Z,other
https://www.sciencedirect.com/science/article/pii/S2214581826003782,Bridging process-based simulation and deep learning: A location-aware framework for quantifying water diversion impacts on groundwater recovery,https://www.sciencedirect.com/science/article/pii/S2214581826003782?dgcid=rss_sd_all,Journal of Hydrology: Regional Studies,June 2026,6,Machine learning applied to hydrogeochemistry or groundwater — secondary interest.,ml-methods,2026-05-24T23:10:56Z,ml-methods
https://www.sciencedirect.com/science/article/pii/S2214581826003708,Persistent warming and declining relative humidity drive the reversal of declining pan evaporation in Northwest China after 1990,https://www.sciencedirect.com/science/article/pii/S2214581826003708?dgcid=rss_sd_all,Journal of Hydrology: Regional Studies,June 2026,2,Not related to hydrogeochemistry or Jaehoon's research profile.,,2026-05-24T23:10:56Z,other
https://www.sciencedirect.com/science/article/pii/S2214581826003691,A multi-source stacking framework with inverse-transformation bias correction for mapping soil salinity in arid oases: A case study from the Yarkant River Oasis,https://www.sciencedirect.com/science/article/pii/S2214581826003691?dgcid=rss_sd_all,Journal of Hydrology: Regional Studies,June 2026,6,Machine learning applied to hydrogeochemistry or groundwater — secondary interest.,ml-methods,2026-05-24T23:10:56Z,ml-methods
https://www.sciencedirect.com/science/article/pii/S2214581826003514,A dual-TransUNet deep learning framework for multi-source precipitation merging and improving seasonal and extreme estimates,https://www.sciencedirect.com/science/article/pii/S2214581826003514?dgcid=rss_sd_all,Journal of Hydrology: Regional Studies,June 2026,2,Not related to hydrogeochemistry or Jaehoon's research profile.,,2026-05-24T23:10:56Z,other
https://www.sciencedirect.com/science/article/pii/S2214581826003605,"Climate-responsive reservoir operation for the environmental flow management of the proposed Nagmati Dam in the Bagmati basin, Nepal",https://www.sciencedirect.com/science/article/pii/S2214581826003605?dgcid=rss_sd_all,Journal of Hydrology: Regional Studies,June 2026,2,Not related to hydrogeochemistry or Jaehoon's research profile.,,2026-05-24T23:10:56Z,other
https://www.sciencedirect.com/science/article/pii/S2214581826003654,Study on the coupling mechanism and dynamic response of hydrometeorological factors and runoff in the upper reaches of the Kriya River based on the SVAR model,https://www.sciencedirect.com/science/article/pii/S2214581826003654?dgcid=rss_sd_all,Journal of Hydrology: Regional Studies,June 2026,2,Not related to hydrogeochemistry or Jaehoon's research profile.,,2026-05-24T23:10:56Z,other
https://www.sciencedirect.com/science/article/pii/S2214581826003642,Simulation and prediction of lake water storage response to climate change in a high-cold arid region: The case of typical lakes on the northern slope of the Kunlun Mountains,https://www.sciencedirect.com/science/article/pii/S2214581826003642?dgcid=rss_sd_all,Journal of Hydrology: Regional Studies,June 2026,2,Not related to hydrogeochemistry or Jaehoon's research profile.,,2026-05-24T23:10:56Z,other
https://www.sciencedirect.com/science/article/pii/S2214581826003447,Impacts of basin-wide reservoir operations on future Yangtze river flood and flow regimes under bias-corrected CMIP6 projections,https://www.sciencedirect.com/science/article/pii/S2214581826003447?dgcid=rss_sd_all,Journal of Hydrology: Regional Studies,June 2026,2,Not related to hydrogeochemistry or Jaehoon's research profile.,,2026-05-24T23:10:56Z,other
https://www.sciencedirect.com/science/article/pii/S2214581826003629,Analysis of agricultural land exposure to Compound Dry-Heat Events in Northeast China,https://www.sciencedirect.com/science/article/pii/S2214581826003629?dgcid=rss_sd_all,Journal of Hydrology: Regional Studies,June 2026,2,Not related to hydrogeochemistry or Jaehoon's research profile.,,2026-05-24T23:10:56Z,other
https://www.sciencedirect.com/science/article/pii/S2214581826003599,Analysis and prediction of groundwater salinity on Yongxing Island using multiple machine learning models integrated with sparrow search algorithm,https://www.sciencedirect.com/science/article/pii/S2214581826003599?dgcid=rss_sd_all,Journal of Hydrology: Regional Studies,June 2026,6,Machine learning applied to hydrogeochemistry or groundwater — secondary interest.,ml-methods,2026-05-24T23:10:56Z,ml-methods
https://www.sciencedirect.com/science/article/pii/S2214581826003502,Incorporating empirical orthogonal function analysis into lumped hydrological models with grid data,https://www.sciencedirect.com/science/article/pii/S2214581826003502?dgcid=rss_sd_all,Journal of Hydrology: Regional Studies,June 2026,2,Not related to hydrogeochemistry or Jaehoon's research profile.,,2026-05-24T23:10:56Z,other
https://www.sciencedirect.com/science/article/pii/S2214581826003277,Assessing the accuracy of different open-source Digital Elevation Models (DEMs) in morphometric analysis of Kanchi River basin,https://www.sciencedirect.com/science/article/pii/S2214581826003277?dgcid=rss_sd_all,Journal of Hydrology: Regional Studies,June 2026,2,Not related to hydrogeochemistry or Jaehoon's research profile.,,2026-05-24T23:10:56Z,other
https://www.sciencedirect.com/science/article/pii/S2214581826003459,Spatiotemporal characteristics of precipitation concentration over the Greater Mekong Subregion and the potential association with large-scale climate factors,https://www.sciencedirect.com/science/article/pii/S2214581826003459?dgcid=rss_sd_all,Journal of Hydrology: Regional Studies,June 2026,2,Not related to hydrogeochemistry or Jaehoon's research profile.,,2026-05-24T23:10:56Z,other
https://www.sciencedirect.com/science/article/pii/S2214581826003332,Radium isotope tracing reveals that submarine groundwater discharge is a key influencing factor for blue carbon balance and mangrove carbon storage in the southern waters of Jinhai Bay,https://www.sciencedirect.com/science/article/pii/S2214581826003332?dgcid=rss_sd_all,Journal of Hydrology: Regional Studies,June 2026,3,General groundwater study with little isotope or geochemical relevance to profile.,groundwater,2026-05-24T23:10:56Z,redox-contamination
https://www.sciencedirect.com/science/article/pii/S2214581826003393,A classified artificial intelligence model based on triple-attention mechanism and metaheuristic algorithm for monthly runoff prediction,https://www.sciencedirect.com/science/article/pii/S2214581826003393?dgcid=rss_sd_all,Journal of Hydrology: Regional Studies,June 2026,2,Not related to hydrogeochemistry or Jaehoon's research profile.,,2026-05-24T23:10:56Z,other
https://www.sciencedirect.com/science/article/pii/S2214581826003484,Lakeshore land use modulates microbial carbon metabolism: The role of hydrochemistry and DOM composition,https://www.sciencedirect.com/science/article/pii/S2214581826003484?dgcid=rss_sd_all,Journal of Hydrology: Regional Studies,June 2026,2,Not related to hydrogeochemistry or Jaehoon's research profile.,,2026-05-24T23:10:56Z,site-characterization
https://www.sciencedirect.com/science/article/pii/S2214581826003101,Influence and source contribution of basin-scale nutrient loading on the water quality of the isolated inter-basin water diversion canal,https://www.sciencedirect.com/science/article/pii/S2214581826003101?dgcid=rss_sd_all,Journal of Hydrology: Regional Studies,June 2026,2,Not related to hydrogeochemistry or Jaehoon's research profile.,,2026-05-24T23:10:56Z,other
https://www.sciencedirect.com/science/article/pii/S2214581826003472,Research on future climate change and hydrological response in the Luanhe River Basin,https://www.sciencedirect.com/science/article/pii/S2214581826003472?dgcid=rss_sd_all,Journal of Hydrology: Regional Studies,June 2026,2,Not related to hydrogeochemistry or Jaehoon's research profile.,,2026-05-24T23:10:56Z,other
https://www.sciencedirect.com/science/article/pii/S2214581826003496,Decreased precipitation intensifies hydrological drought in the largest river basin of the Tibetan Plateau,https://www.sciencedirect.com/science/article/pii/S2214581826003496?dgcid=rss_sd_all,Journal of Hydrology: Regional Studies,June 2026,2,Not related to hydrogeochemistry or Jaehoon's research profile.,,2026-05-24T23:10:56Z,other
https://www.sciencedirect.com/science/article/pii/S2214581826003307,"Impacts of ecological water replenishment on groundwater dynamics and urban safety: Insights from ground deformation in Beijing Yongding River area, China",https://www.sciencedirect.com/science/article/pii/S2214581826003307?dgcid=rss_sd_all,Journal of Hydrology: Regional Studies,June 2026,3,General groundwater study with little isotope or geochemical relevance to profile.,groundwater,2026-05-24T23:10:56Z,site-characterization
https://www.sciencedirect.com/science/article/pii/S2214581826003356,Operational flood forecasting with adaptive dual-correction bayesian model averaging in the Huai river basin,https://www.sciencedirect.com/science/article/pii/S2214581826003356?dgcid=rss_sd_all,Journal of Hydrology: Regional Studies,June 2026,2,Not related to hydrogeochemistry or Jaehoon's research profile.,,2026-05-24T23:10:56Z,other
https://www.sciencedirect.com/science/article/pii/S2214581826003423,Streamflow forecasting with a hybrid model integrating a distributed hydrological model and deep learning methods,https://www.sciencedirect.com/science/article/pii/S2214581826003423?dgcid=rss_sd_all,Journal of Hydrology: Regional Studies,June 2026,2,Not related to hydrogeochemistry or Jaehoon's research profile.,,2026-05-24T23:10:56Z,other
https://www.sciencedirect.com/science/article/pii/S2214581826003228,Characterizing water distribution and flow patterns controlled by the Tan-Lu Fault zone in Anhui province,https://www.sciencedirect.com/science/article/pii/S2214581826003228?dgcid=rss_sd_all,Journal of Hydrology: Regional Studies,June 2026,3,General groundwater study with little isotope or geochemical relevance to profile.,groundwater,2026-05-24T23:10:56Z,site-characterization
https://www.sciencedirect.com/science/article/pii/S2214581826003368,Catchment clustering in Taiwan through comparative assessment of baseflow separation methods,https://www.sciencedirect.com/science/article/pii/S2214581826003368?dgcid=rss_sd_all,Journal of Hydrology: Regional Studies,June 2026,3,General groundwater study with little isotope or geochemical relevance to profile.,groundwater,2026-05-24T23:10:56Z,site-characterization
https://www.sciencedirect.com/science/article/pii/S2214581826003344,"Quantifying socioeconomic impacts of urban pluvial flooding using social media and SDGSAT-1 nighttime light data: A case study of Kunming, China",https://www.sciencedirect.com/science/article/pii/S2214581826003344?dgcid=rss_sd_all,Journal of Hydrology: Regional Studies,June 2026,2,Not related to hydrogeochemistry or Jaehoon's research profile.,,2026-05-24T23:10:56Z,other
https://www.sciencedirect.com/science/article/pii/S2214581826003381,Exploring the effects of antecedent rainfall characteristic on streamflow variability in a karst catchment,https://www.sciencedirect.com/science/article/pii/S2214581826003381?dgcid=rss_sd_all,Journal of Hydrology: Regional Studies,June 2026,2,Not related to hydrogeochemistry or Jaehoon's research profile.,,2026-05-24T23:10:56Z,other
https://www.sciencedirect.com/science/article/pii/S2214581826003319,Warming-driven compound floods from extreme temperature and precipitation in global glacier covered areas,https://www.sciencedirect.com/science/article/pii/S2214581826003319?dgcid=rss_sd_all,Journal of Hydrology: Regional Studies,June 2026,2,Not related to hydrogeochemistry or Jaehoon's research profile.,,2026-05-24T23:10:56Z,other
https://www.sciencedirect.com/science/article/pii/S2214581826003253,Interpretable knowledge-driven framework for groundwater regime simulation: Integrating physical laws and graph-based reasoning for regional groundwater management,https://www.sciencedirect.com/science/article/pii/S2214581826003253?dgcid=rss_sd_all,Journal of Hydrology: Regional Studies,June 2026,3,General groundwater study with little isotope or geochemical relevance to profile.,groundwater,2026-05-24T23:10:56Z,deep-groundwater
https://www.sciencedirect.com/science/article/pii/S2214581826002934,Responses of deep-rooting vegetation to extreme dry spell: Both carbon assimilation and water use efficiency are promoted in a karstic climax forest,https://www.sciencedirect.com/science/article/pii/S2214581826002934?dgcid=rss_sd_all,Journal of Hydrology: Regional Studies,June 2026,2,Not related to hydrogeochemistry or Jaehoon's research profile.,,2026-05-24T23:10:56Z,other
https://www.sciencedirect.com/science/article/pii/S2214581826003241,Future landscape pattern optimization based on runoff response across different temporal scales: A SWAT-PLUS coupled model simulation in the Three Gorges Reservoir Area,https://www.sciencedirect.com/science/article/pii/S2214581826003241?dgcid=rss_sd_all,Journal of Hydrology: Regional Studies,June 2026,2,Not related to hydrogeochemistry or Jaehoon's research profile.,,2026-05-24T23:10:56Z,other
https://www.sciencedirect.com/science/article/pii/S2214581826003265,Machine learning-based spatiotemporal estimation of reference evapotranspiration in South Korea under limited data conditions,https://www.sciencedirect.com/science/article/pii/S2214581826003265?dgcid=rss_sd_all,Journal of Hydrology: Regional Studies,June 2026,2,Not related to hydrogeochemistry or Jaehoon's research profile.,,2026-05-24T23:10:56Z,other
https://www.sciencedirect.com/science/article/pii/S2214581826003216,Quantifying flood risk redistribution: How urban pumping systems reshape regional flood patterns in plain river networks,https://www.sciencedirect.com/science/article/pii/S2214581826003216?dgcid=rss_sd_all,Journal of Hydrology: Regional Studies,June 2026,2,Not related to hydrogeochemistry or Jaehoon's research profile.,,2026-05-24T23:10:56Z,other
https://www.sciencedirect.com/science/article/pii/S2214581826003083,Reconstructing and downscaling terrestrial water storage to Reveal vegetation–water coupling across continuous areas of Western China-Central Asia-Western Asia under climate warming,https://www.sciencedirect.com/science/article/pii/S2214581826003083?dgcid=rss_sd_all,Journal of Hydrology: Regional Studies,June 2026,6,Machine learning applied to hydrogeochemistry or groundwater — secondary interest.,ml-methods,2026-05-24T23:10:56Z,ml-methods
https://www.sciencedirect.com/science/article/pii/S221458182600323X,Evolution of river connectivity in urban areas under the influence of sluices and dams: A case study of Beijing,https://www.sciencedirect.com/science/article/pii/S221458182600323X?dgcid=rss_sd_all,Journal of Hydrology: Regional Studies,June 2026,2,Not related to hydrogeochemistry or Jaehoon's research profile.,,2026-05-24T23:10:56Z,other
https://www.sciencedirect.com/science/article/pii/S2214581826002594,Impacts of new urbanization on ecological efficiency: Evidence from the Yellow River Basin and the Yangtze River Economic Belt,https://www.sciencedirect.com/science/article/pii/S2214581826002594?dgcid=rss_sd_all,Journal of Hydrology: Regional Studies,June 2026,2,Not related to hydrogeochemistry or Jaehoon's research profile.,,2026-05-24T23:10:56Z,other
https://www.sciencedirect.com/science/article/pii/S2214581826003095,"An integrated snow–hydrology–operation framework for snow–fed hydropower: Validation and uncertainty analysis at Kurobe Dam, Japan",https://www.sciencedirect.com/science/article/pii/S2214581826003095?dgcid=rss_sd_all,Journal of Hydrology: Regional Studies,June 2026,2,Not related to hydrogeochemistry or Jaehoon's research profile.,,2026-05-24T23:10:56Z,other
https://www.sciencedirect.com/science/article/pii/S2214581826003204,"Coupling demography and crop dynamics under monsoon floods: A socio-hydrological case study of Dhubri, Assam, India",https://www.sciencedirect.com/science/article/pii/S2214581826003204?dgcid=rss_sd_all,Journal of Hydrology: Regional Studies,June 2026,2,Not related to hydrogeochemistry or Jaehoon's research profile.,,2026-05-24T23:10:56Z,other
https://www.sciencedirect.com/science/article/pii/S2214581826003113,"Structural controls on geothermal fluid circulation: A case study from the Leibo geothermal system, eastern Chuan-Dian geothermal belt, China",https://www.sciencedirect.com/science/article/pii/S2214581826003113?dgcid=rss_sd_all,Journal of Hydrology: Regional Studies,June 2026,8,Geothermal hydrogeochemistry — strong overlap with research profile.,"geothermal,hydrogeochemistry",2026-05-24T23:10:56Z,geothermal
https://www.sciencedirect.com/science/article/pii/S2214581826003162,Climate change overrides population dynamics in driving flood exposure in the Yangtze River Basin,https://www.sciencedirect.com/science/article/pii/S2214581826003162?dgcid=rss_sd_all,Journal of Hydrology: Regional Studies,June 2026,2,Not related to hydrogeochemistry or Jaehoon's research profile.,,2026-05-24T23:10:56Z,other
https://www.sciencedirect.com/science/article/pii/S2214581826003125,Exploring the combined effects of climate change and vegetation restoration on terrestrial water storage in China,https://www.sciencedirect.com/science/article/pii/S2214581826003125?dgcid=rss_sd_all,Journal of Hydrology: Regional Studies,June 2026,2,Not related to hydrogeochemistry or Jaehoon's research profile.,,2026-05-24T23:10:56Z,other
https://doi.org/10.1007/s10040-026-03066-7,"Application of multi-criteria decision making for groundwater potential mapping in Manabí, Ecuador",https://doi.org/10.1007/s10040-026-03066-7,Hydrogeology Journal,2026-05-18,3,General groundwater study with little isotope or geochemical relevance to profile.,"abstract: none,groundwater",2026-05-24T23:10:56Z,site-characterization
https://doi.org/10.1007/s10040-026-03084-5,Shallow groundwater use for agriculture in central Mozambique: Opportunities and constraints in Zambezia Province,https://doi.org/10.1007/s10040-026-03084-5,Hydrogeology Journal,2026-05-18,3,General groundwater study with little isotope or geochemical relevance to profile.,groundwater,2026-05-24T23:10:56Z,site-characterization
https://doi.org/10.1007/s10040-026-03070-x,"Community-led small-scale managed aquifer recharge can slow drought propagation: Sociohydro(geo)logical evidence from Oaxaca, Mexico",https://doi.org/10.1007/s10040-026-03070-x,Hydrogeology Journal,2026-05-14,3,General groundwater study with little isotope or geochemical relevance to profile.,groundwater,2026-05-24T23:10:56Z,site-characterization
https://doi.org/10.1007/s10040-026-03087-2,A novel method to estimate baseflow using open-source well data,https://doi.org/10.1007/s10040-026-03087-2,Hydrogeology Journal,2026-05-14,4,General hydrogeochemistry without isotope or redox focus — same domain but off-topic.,"hydrogeochemistry,groundwater",2026-05-24T23:10:56Z,site-characterization
https://doi.org/10.1007/s10040-026-03081-8,The impacts of variable flow rates and skin effects on contaminant migration through inactive supply wells,https://doi.org/10.1007/s10040-026-03081-8,Hydrogeology Journal,2026-05-12,2,Not related to hydrogeochemistry or Jaehoon's research profile.,abstract: none,2026-05-24T23:10:56Z,other
https://doi.org/10.1007/s10040-026-03086-3,A hybrid inversion framework combining convolutional neural network surrogate modeling and data assimilation for efficient groundwater contamination characterization,https://doi.org/10.1007/s10040-026-03086-3,Hydrogeology Journal,2026-05-07,6,Machine learning applied to hydrogeochemistry or groundwater — secondary interest.,"abstract: none,ml-methods",2026-05-24T23:10:56Z,ml-methods
https://doi.org/10.1007/s10040-026-03083-6,Earthquake correction enabled holistic assessment of water storage variations in Japan,https://doi.org/10.1007/s10040-026-03083-6,Hydrogeology Journal,2026-05-07,2,Not related to hydrogeochemistry or Jaehoon's research profile.,abstract: none,2026-05-24T23:10:56Z,other
https://doi.org/10.1007/s10040-026-03068-5,Changes in nitrogen concentrations in an upland Mediterranean riparian aquifer during water table fluctuations: Insights from soil column experiments,https://doi.org/10.1007/s10040-026-03068-5,Hydrogeology Journal,2026-05-07,3,General groundwater study with little isotope or geochemical relevance to profile.,groundwater,2026-05-24T23:10:56Z,redox-contamination
https://doi.org/10.1007/s10040-026-03079-2,"Groundwater level response to climate change and ecological water replenishment in the Chaobai River Basin, China, using SWAT-MODFLOW",https://doi.org/10.1007/s10040-026-03079-2,Hydrogeology Journal,2026-05-04,3,General groundwater study with little isotope or geochemical relevance to profile.,"abstract: none,groundwater",2026-05-24T23:10:56Z,site-characterization
https://doi.org/10.1007/s10040-026-03042-1,Numerical modeling of aquifer hydrodynamics in the North Bolivian Altiplano: Application of basin-scale gravitational groundwater flow and groundwater age theories,https://doi.org/10.1007/s10040-026-03042-1,Hydrogeology Journal,2026-05-02,6,Groundwater mixing or inverse geochemical modeling — adjacent to profile.,"abstract: none,mixing-modeling,groundwater",2026-05-24T23:10:56Z,mixing-modeling
https://doi.org/10.1007/s10040-026-03078-3,"Integrated assessment of groundwater salinity sources and inter-aquifer mixing dynamics in Siwa Oasis, Egypt: A multi-method approach using self-organizing maps, isotopic tracers, and numerical modeling",https://doi.org/10.1007/s10040-026-03078-3,Hydrogeology Journal,2026-05-02,7,Isotope methods in hydrogeochemical context — adjacent to core research.,"isotope-methods,hydrogeochemistry",2026-05-24T23:10:56Z,ml-methods
https://doi.org/10.1007/s10040-026-03085-4,Correction: Experimental and numerical investigations of desalination brine injection into the saline portion of coastal aquifers,https://doi.org/10.1007/s10040-026-03085-4,Hydrogeology Journal,2026-05-02,3,General groundwater study with little isotope or geochemical relevance to profile.,"abstract: none,groundwater",2026-05-24T23:10:56Z,site-characterization
https://doi.org/10.1007/s10040-026-03082-7,Surfaces with no drainage: Reconnaissance assessment of the hydrogeologic significance of pockmarks in African drylands,https://doi.org/10.1007/s10040-026-03082-7,Hydrogeology Journal,2026-05-02,3,General groundwater study with little isotope or geochemical relevance to profile.,groundwater,2026-05-24T23:10:56Z,redox-contamination
https://doi.org/10.1007/s10040-026-03069-4,Strategic uncertainty and the delay of groundwater regulation in Australia’s Great Artesian Basin (1886–1914),https://doi.org/10.1007/s10040-026-03069-4,Hydrogeology Journal,2026-05-02,3,General groundwater study with little isotope or geochemical relevance to profile.,groundwater,2026-05-24T23:10:56Z,site-characterization
https://doi.org/10.1007/s10040-026-03080-9,"Hydrogeochemical characterisation of the Bushveld Complex (South Africa), through water sample analysis in a core-drilled well with circulating drilling fluid",https://doi.org/10.1007/s10040-026-03080-9,Hydrogeology Journal,2026-04-29,7,Groundwater isotope tracing with redox conditions — adjacent to profile.,"isotope-methods,redox,groundwater",2026-05-24T23:10:56Z,mixing-modeling
https://doi.org/10.1007/s10040-026-03067-6,"Groundwater sustainability, drinking water, and environmental justice in California’s Central Valley, USA",https://doi.org/10.1007/s10040-026-03067-6,Hydrogeology Journal,2026-04-29,3,General groundwater study with little isotope or geochemical relevance to profile.,groundwater,2026-05-24T23:10:56Z,site-characterization
https://doi.org/10.1007/s10040-026-03074-7,GwRech: An online tool for estimating groundwater recharge and groundwater discharge,https://doi.org/10.1007/s10040-026-03074-7,Hydrogeology Journal,2026-04-28,3,General groundwater study with little isotope or geochemical relevance to profile.,groundwater,2026-05-24T23:10:56Z,site-characterization
https://doi.org/10.1007/s10040-026-03077-4,Hydrogeology: Quo vadis…? A survey on the future of hydrogeology and seven ways forward in the light of global challenges,https://doi.org/10.1007/s10040-026-03077-4,Hydrogeology Journal,2026-04-25,3,General groundwater study with little isotope or geochemical relevance to profile.,"abstract: none,groundwater",2026-05-24T23:10:56Z,site-characterization
https://doi.org/10.1007/s10040-026-03072-9,Australia’s first recorded groundwater well: October 1629,https://doi.org/10.1007/s10040-026-03072-9,Hydrogeology Journal,2026-04-23,3,General groundwater study with little isotope or geochemical relevance to profile.,"abstract: none,groundwater",2026-05-24T23:10:56Z,site-characterization
https://doi.org/10.1007/s10040-026-03076-5,Tritium-based groundwater age classification in mid-latitude South America: Application to coastal catchments of Argentina,https://doi.org/10.1007/s10040-026-03076-5,Hydrogeology Journal,2026-04-21,7,Groundwater isotope hydrology — adjacent to core research profile.,"abstract: none,isotope-methods,groundwater",2026-05-24T23:10:56Z,mixing-modeling
https://doi.org/10.1007/s10040-026-03071-w,Situating socio-hydrogeology: Towards a transdisciplinary understanding of groundwater monitoring practices in western India,https://doi.org/10.1007/s10040-026-03071-w,Hydrogeology Journal,2026-04-21,3,General groundwater study with little isotope or geochemical relevance to profile.,groundwater,2026-05-24T23:10:56Z,site-characterization
https://doi.org/10.1007/s10040-026-03065-8,"Groundwater age estimation using tritium in continuous permafrost, Eastern Siberia, Russia",https://doi.org/10.1007/s10040-026-03065-8,Hydrogeology Journal,2026-04-20,7,Groundwater isotope hydrology — adjacent to core research profile.,"abstract: none,isotope-methods,groundwater",2026-05-24T23:10:56Z,mixing-modeling
https://doi.org/10.1007/s10040-026-03053-y,"Impact of deep, long-screen observation wells on adjacent groundwater pumping wells in coastal aquifers: a case study in the Magdalen Islands (Québec, Canada)",https://doi.org/10.1007/s10040-026-03053-y,Hydrogeology Journal,2026-04-18,3,General groundwater study with little isotope or geochemical relevance to profile.,"abstract: none,groundwater",2026-05-24T23:10:56Z,site-characterization
https://doi.org/10.1007/s10040-026-03057-8,"Regional and local controls on groundwater salinity in California’s southwestern San Joaquin Valley, United States: Insights from airborne electromagnetic surveys",https://doi.org/10.1007/s10040-026-03057-8,Hydrogeology Journal,2026-04-16,3,General groundwater study with little isotope or geochemical relevance to profile.,groundwater,2026-05-24T23:10:56Z,seawater-intrusion
https://doi.org/10.1007/s10040-026-03060-z,Enhanced transport with early arrivals and reduced attenuation in ensemble realisations of discrete fracture networks with internal fracture heterogeneity,https://doi.org/10.1007/s10040-026-03060-z,Hydrogeology Journal,2026-04-15,2,Not related to hydrogeochemistry or Jaehoon's research profile.,,2026-05-24T23:10:56Z,other
https://doi.org/10.1007/s10040-026-03073-8,Integrating hydraulic and thermal constraints for ATES well placements: An analytical approach,https://doi.org/10.1007/s10040-026-03073-8,Hydrogeology Journal,2026-04-15,3,General groundwater study with little isotope or geochemical relevance to profile.,groundwater,2026-05-24T23:10:56Z,redox-contamination
https://doi.org/10.1007/s10040-026-03075-6,"Model-based insights into the aquifer resilience and mitigation strategies for the groundwater crisis of Lucknow City, India",https://doi.org/10.1007/s10040-026-03075-6,Hydrogeology Journal,2026-04-15,3,General groundwater study with little isotope or geochemical relevance to profile.,"abstract: none,groundwater",2026-05-24T23:10:56Z,site-characterization
https://doi.org/10.1007/s10040-026-03047-w,"Application of random forest modeling to evaluate groundwater storage changes in the Breede Water Management Area, South Africa",https://doi.org/10.1007/s10040-026-03047-w,Hydrogeology Journal,2026-04-10,6,Machine learning applied to hydrogeochemistry or groundwater — secondary interest.,ml-methods,2026-05-24T23:10:56Z,ml-methods
https://doi.org/10.1007/s10040-025-03004-z,Global insights into the lifespan of water boreholes using survival analysis methods,https://doi.org/10.1007/s10040-025-03004-z,Hydrogeology Journal,2026-04-10,3,General groundwater study with little isotope or geochemical relevance to profile.,groundwater,2026-05-24T23:10:56Z,site-characterization
https://doi.org/10.1007/s10040-026-03061-y,"Coal seam porosity and water resources estimation based on big data analysis and deep learning models: A case study in the Surat Basin, Australia",https://doi.org/10.1007/s10040-026-03061-y,Hydrogeology Journal,2026-04-07,2,Not related to hydrogeochemistry or Jaehoon's research profile.,abstract: none,2026-05-24T23:10:56Z,other
https://doi.org/10.1007/s10040-026-03043-0,"Determination of hydraulic parameters of the undisturbed Callovian–Oxfordian claystone based on in situ long-term measurements performed at the CMHM Underground Rock Laboratory, Bure, France",https://doi.org/10.1007/s10040-026-03043-0,Hydrogeology Journal,2026-04-07,2,Not related to hydrogeochemistry or Jaehoon's research profile.,abstract: none,2026-05-24T23:10:56Z,other
https://doi.org/10.1007/s10040-026-03058-7,"Collective action for sustainable groundwater governance: A case study of irrigation groundwater management in the fragile ecosystem of the Keta Strip, Ghana",https://doi.org/10.1007/s10040-026-03058-7,Hydrogeology Journal,2026-04-07,3,General groundwater study with little isotope or geochemical relevance to profile.,"abstract: none,groundwater",2026-05-24T23:10:56Z,site-characterization
https://doi.org/10.1007/s10040-026-03046-x,"Application of environmental tracers to highlight inter-aquifer mixing in a Mediterranean area with complex geology, Peloponnese, Greece",https://doi.org/10.1007/s10040-026-03046-x,Hydrogeology Journal,2026-04-01,3,General groundwater study with little isotope or geochemical relevance to profile.,"abstract: none,groundwater",2026-05-24T23:10:56Z,site-characterization
https://doi.org/10.1007/s10040-026-03036-z,"Calculation of hydrogeological parameters based on a high-flow long-duration water release test of multiple deep boreholes, Xiadian coalfield, North China",https://doi.org/10.1007/s10040-026-03036-z,Hydrogeology Journal,2026-04-01,3,General groundwater study with little isotope or geochemical relevance to profile.,"abstract: none,groundwater",2026-05-24T23:10:56Z,deep-groundwater
https://doi.org/10.1007/s10040-026-03064-9,Comparing traditional and parametric groundwater budget methods to assess recharge in fractured karst aquifers: Insights from the Scirca spring (central Italy),https://doi.org/10.1007/s10040-026-03064-9,Hydrogeology Journal,2026-04-01,3,General groundwater study with little isotope or geochemical relevance to profile.,groundwater,2026-05-24T23:10:56Z,site-characterization
https://doi.org/10.1007/s10040-026-03056-9,What is groundwater?,https://doi.org/10.1007/s10040-026-03056-9,Hydrogeology Journal,2026-04-01,3,General groundwater study with little isotope or geochemical relevance to profile.,groundwater,2026-05-24T23:10:56Z,site-characterization
https://doi.org/10.1007/s10040-026-03055-w,"Groundwater-connected art: Practicing arts-based research to enrich how hydrogeology engages people, place, and other disciplines",https://doi.org/10.1007/s10040-026-03055-w,Hydrogeology Journal,2026-04-01,3,General groundwater study with little isotope or geochemical relevance to profile.,groundwater,2026-05-24T23:10:56Z,site-characterization
https://doi.org/10.1007/s10040-026-03051-0,Modeling seawater intrusion with multiple sources of uncertainty: Application to Kuwait City,https://doi.org/10.1007/s10040-026-03051-0,Hydrogeology Journal,2026-03-30,2,Not related to hydrogeochemistry or Jaehoon's research profile.,abstract: none,2026-05-24T23:10:56Z,seawater-intrusion
https://doi.org/10.1007/s10040-026-03052-z,"Groundwater sustainability for irrigation in the semi-arid Konya Closed Basin, Türkiye, under climate change scenarios",https://doi.org/10.1007/s10040-026-03052-z,Hydrogeology Journal,2026-03-30,3,General groundwater study with little isotope or geochemical relevance to profile.,groundwater,2026-05-24T23:10:56Z,site-characterization
https://doi.org/10.1007/s10040-026-03044-z,The springs of the Republic of Azerbaijan and the evaluation of their hydrogeological and ecological security,https://doi.org/10.1007/s10040-026-03044-z,Hydrogeology Journal,2026-03-26,3,General groundwater study with little isotope or geochemical relevance to profile.,groundwater,2026-05-24T23:10:56Z,site-characterization
https://doi.org/10.1007/s10040-026-03063-w,"Mountain front recharge of a karst aquifer in the Denver Basin, southeastern Wyoming (USA): Recharge mechanism and multiyear drought impacts",https://doi.org/10.1007/s10040-026-03063-w,Hydrogeology Journal,2026-03-26,4,General hydrogeochemistry without isotope or redox focus — same domain but off-topic.,"hydrogeochemistry,groundwater",2026-05-24T23:10:56Z,site-characterization
https://doi.org/10.1007/s10040-026-03035-0,"Hydrogeochemical characterization of regional groundwater flow systems in northeastern Algeria: The cases of the Guelma, Souk Ahras, Tebessa and Khenchela regions",https://doi.org/10.1007/s10040-026-03035-0,Hydrogeology Journal,2026-03-23,4,General hydrogeochemistry without isotope or redox focus — same domain but off-topic.,"abstract: none,hydrogeochemistry,groundwater",2026-05-24T23:10:56Z,site-characterization
https://doi.org/10.1007/s10040-026-03050-1,"Propagation of agricultural and sewage nitrate in a chalk aquifer through regional numerical modeling of groundwater flow and solute transport in the Mons Basin, Belgium",https://doi.org/10.1007/s10040-026-03050-1,Hydrogeology Journal,2026-03-23,3,General groundwater study with little isotope or geochemical relevance to profile.,"abstract: none,groundwater",2026-05-24T23:10:56Z,site-characterization
https://doi.org/10.1007/s10040-026-03045-y,"Evaluating the feasibility of arsenic-safe drinking water options in the Western Bengal Basin, India",https://doi.org/10.1007/s10040-026-03045-y,Hydrogeology Journal,2026-03-18,2,Not related to hydrogeochemistry or Jaehoon's research profile.,abstract: none,2026-05-24T23:10:56Z,other
https://doi.org/10.1007/s10040-026-03022-5,Clay membrane effects on solute transport through the aquitard of a leaky aquifer system,https://doi.org/10.1007/s10040-026-03022-5,Hydrogeology Journal,2026-03-18,3,General groundwater study with little isotope or geochemical relevance to profile.,"abstract: none,groundwater",2026-05-24T23:10:56Z,site-characterization
https://doi.org/10.1007/s10040-026-03059-6,Of aquifers and agency,https://doi.org/10.1007/s10040-026-03059-6,Hydrogeology Journal,2026-03-18,3,General groundwater study with little isotope or geochemical relevance to profile.,groundwater,2026-05-24T23:10:56Z,redox-contamination
https://doi.org/10.1007/s10040-026-03048-9,"Tracing denitrification in a deeper aquifer of the Lower Rhine Embayment, Western Germany",https://doi.org/10.1007/s10040-026-03048-9,Hydrogeology Journal,2026-03-18,3,General groundwater study with little isotope or geochemical relevance to profile.,groundwater,2026-05-24T23:10:56Z,redox-contamination
https://doi.org/10.1007/s10040-026-03049-8,"Characterization of groundwater response and hydrogeological properties surrounding the Pohang earthquake, South Korea",https://doi.org/10.1007/s10040-026-03049-8,Hydrogeology Journal,2026-03-14,3,General groundwater study with little isotope or geochemical relevance to profile.,"abstract: none,groundwater",2026-05-24T23:10:56Z,site-characterization
https://doi.org/10.1007/s10040-026-03039-w,Editor’s Message: The 2025 Editors’ Choice articles,https://doi.org/10.1007/s10040-026-03039-w,Hydrogeology Journal,2026-03-13,2,Not related to hydrogeochemistry or Jaehoon's research profile.,abstract: none,2026-05-24T23:10:56Z,other
https://doi.org/10.1007/s10040-026-03038-x,Influence and mechanism of suspended particle migration and clogging in stratified porous media under seepage conditions,https://doi.org/10.1007/s10040-026-03038-x,Hydrogeology Journal,2026-03-13,2,Not related to hydrogeochemistry or Jaehoon's research profile.,abstract: none,2026-05-24T23:10:56Z,other
https://doi.org/10.1007/s10040-026-03041-2,Characterization of groundwater discharge in an area of dense salt crust formation in the high-salinity South Huobuxun Lake (NW China) using isotopic and hydrogeochemical analyses,https://doi.org/10.1007/s10040-026-03041-2,Hydrogeology Journal,2026-03-04,4,General hydrogeochemistry without isotope or redox focus — same domain but off-topic.,"abstract: none,hydrogeochemistry,groundwater",2026-05-24T23:10:56Z,site-characterization
https://doi.org/10.1007/s10040-026-03032-3,Reactive transport characteristics during precipitation and dissolution processes in rough rock fractures,https://doi.org/10.1007/s10040-026-03032-3,Hydrogeology Journal,2026-03-04,2,Not related to hydrogeochemistry or Jaehoon's research profile.,abstract: none,2026-05-24T23:10:56Z,other
https://doi.org/10.1007/s10040-026-03026-1,"Numerical modeling of the Cauê Aquifer in the ferruginous geosystems of the Moeda Syncline (Iron Quadrangle, Brazil): Assessing regional impacts of groundwater pumping and predicting future drawdown trends",https://doi.org/10.1007/s10040-026-03026-1,Hydrogeology Journal,2026-03-04,3,General groundwater study with little isotope or geochemical relevance to profile.,groundwater,2026-05-24T23:10:56Z,site-characterization
https://doi.org/10.1007/s10040-026-03054-x,Offshore fresh (or freshened) groundwater: Research achievements and future perspectives,https://doi.org/10.1007/s10040-026-03054-x,Hydrogeology Journal,2026-03,6,Machine learning applied to hydrogeochemistry or groundwater — secondary interest.,ml-methods,2026-05-24T23:10:56Z,ml-methods
https://doi.org/10.1007/s10040-026-03062-x,Preface: Advances in understanding offshore freshened groundwater,https://doi.org/10.1007/s10040-026-03062-x,Hydrogeology Journal,2026-03,3,General groundwater study with little isotope or geochemical relevance to profile.,"abstract: none,groundwater",2026-05-24T23:10:56Z,site-characterization
https://doi.org/10.1007/s10040-026-03037-y,"Assessing the impact of acid mine drainage on groundwater resources using 3D solute transport modelling in fractured rock settings: The Dareh-Zar copper mine, Iran",https://doi.org/10.1007/s10040-026-03037-y,Hydrogeology Journal,2026-02-27,4,General hydrogeochemistry without isotope or redox focus — same domain but off-topic.,"hydrogeochemistry,groundwater",2026-05-24T23:10:56Z,site-characterization
https://doi.org/10.1007/s10040-026-03031-4,RETRACTED ARTICLE: Modification of a nonlinear transfer-function noise model for the estimation of groundwater recharge,https://doi.org/10.1007/s10040-026-03031-4,Hydrogeology Journal,2026-02-25,3,General groundwater study with little isotope or geochemical relevance to profile.,"abstract: none,groundwater",2026-05-24T23:10:56Z,site-characterization
https://doi.org/10.1007/s10040-026-03016-3,Analysis of the dynamic characteristics and driving factors of groundwater reserves in the arid regions of northwest China,https://doi.org/10.1007/s10040-026-03016-3,Hydrogeology Journal,2026-02-25,3,General groundwater study with little isotope or geochemical relevance to profile.,"abstract: none,groundwater",2026-05-24T23:10:56Z,site-characterization
https://doi.org/10.1007/s10040-026-03040-3,"Hydrogeological modeling and global climate change impacts on the last permanent sand-dune pond in the Doñana World Heritage Site: Santa Olalla Pond, Spain",https://doi.org/10.1007/s10040-026-03040-3,Hydrogeology Journal,2026-02-24,3,General groundwater study with little isotope or geochemical relevance to profile.,groundwater,2026-05-24T23:10:56Z,site-characterization
https://doi.org/10.1007/s10040-026-03034-1,Correction: Effects of water table smoothing controlled by topographic grid resolution on simulated regional groundwater flow,https://doi.org/10.1007/s10040-026-03034-1,Hydrogeology Journal,2026-02-21,3,General groundwater study with little isotope or geochemical relevance to profile.,"abstract: none,groundwater",2026-05-24T23:10:56Z,site-characterization
